,left_WHOLE_NAME,left_UID,similarity_x,right_requestID,right_wholeName,left_lastname_phone,similarity_y,right_lastnamePhone
0,LAJNAT AL DAAWA AL ISLAMIYYA,137896,0.5080337,BB099931,GAMAA ALISLAMIYYA,,,
1,ALITIHAAD ALISLAMIYA,39176,0.37452844,BB099931,GAMAA ALISLAMIYYA,,,
2,JEMAA ISLAMIYAH,57652,0.37351352,BB099931,GAMAA ALISLAMIYYA,,,
3,ANSAR ALISLAM,80486,0.3509103,BB099931,GAMAA ALISLAMIYYA,,,
4,FATAH ALISLAM,538378,0.30756065,BB099931,GAMAA ALISLAMIYYA,,,
5,HARAKAT SHAM ALISLAM,2145732,0.29829824,BB099931,GAMAA ALISLAMIYYA,,,
6,KHABIYYAH,3398446,0.2872256,BB099931,GAMAA ALISLAMIYYA,,,
7,ESLAMI,1306414,0.27978072,BB099931,GAMAA ALISLAMIYYA,,,
8,ANSARUL ISLAM,3796419,0.26050553,BB099931,GAMAA ALISLAMIYYA,,,
9,ANSARUL ISLAM,3282968,0.26050553,BB099931,GAMAA ALISLAMIYYA,,,
10,LAJNAT AL DAAWA AL ISLAMIYYA,137896,0.52194095,BB099932,GANAA ALISLAMIYYA,,,
11,ALITIHAAD ALISLAMIYA,39176,0.38478106,BB099932,GANAA ALISLAMIYYA,,,
12,ANSAR ALISLAM,80486,0.36051643,BB099932,GANAA ALISLAMIYYA,,,
13,FATAH ALISLAM,538378,0.31598005,BB099932,GANAA ALISLAMIYYA,,,
14,MANAA,1146175,0.30814403,BB099932,GANAA ALISLAMIYYA,,,
15,KHABIYYAH,3398446,0.2950883,BB099932,GANAA ALISLAMIYYA,,,
16,JEMAA ISLAMIYAH,57652,0.2944514,BB099932,GANAA ALISLAMIYYA,,,
17,ESLAMI,1306414,0.28743964,BB099932,GANAA ALISLAMIYYA,,,
18,ANSARUL ISLAM,3796419,0.2676368,BB099932,GANAA ALISLAMIYYA,,,
19,ANSARUL ISLAM,3282968,0.2676368,BB099932,GANAA ALISLAMIYYA,,,
20,HARAKAT SHAM ALISLAM,2145732,0.26299015,BB099932,GANAA ALISLAMIYYA,,,
21,SYRIA INTERNATIONAL ISLAMIC BANK,1674617,0.25665677,BB099932,GANAA ALISLAMIYYA,,,
22,CHAM ISLAMIC BANK,1674620,0.25462288,BB099932,GANAA ALISLAMIYYA,,,
23,LAJNAT AL DAAWA AL ISLAMIYYA,137896,0.27015427,BB099933,GAMAA ALISLANLYYA,,,
24,ANSAR ALISLAM,80486,0.26667726,BB099933,GAMAA ALISLANLYYA,,,
25,ESTACIONES DE SERVICIOS CANARIAS SA DE,1799569,0.4130299,GG1234575,SERVICIOS CHULAVISTA SA DE,,,
26,SERVICIOS SILSA SAC,1019057,0.3777575,GG1234575,SERVICIOS CHULAVISTA SA DE,"[b'SRFK', None]",1.0,"[b'SRFK', None]"
27,MULTISERVICIOS AGSA SA DE,769072,0.36420238,GG1234575,SERVICIOS CHULAVISTA SA DE,,,
28,ESTACION DE SERVICIO SERVIAGRICOLA DEL ARIARI,1218405,0.3556454,GG1234575,SERVICIOS CHULAVISTA SA DE,,,
29,VISTA,939124,0.35467917,GG1234575,SERVICIOS CHULAVISTA SA DE,,,
30,ADT PETROSERVICIOS SA DE,1831168,0.3485756,GG1234575,SERVICIOS CHULAVISTA SA DE,,,
31,GASOLINERA Y SERVICIOS VILLABONITA SA DE,1802937,0.34108743,GG1234575,SERVICIOS CHULAVISTA SA DE,,,
32,SERVICIOS EMPRESARIALES SODA SA DE,3531712,0.3361945,GG1234575,SERVICIOS CHULAVISTA SA DE,"[b'SRFK', None]",1.0,"[b'SRFK', None]"
33,BUENOS AIRES SERVICIOS SA DE,1802886,0.33134118,GG1234575,SERVICIOS CHULAVISTA SA DE,,,
34,MULAVI,4914727,0.32961985,GG1234575,SERVICIOS CHULAVISTA SA DE,,,
35,SERVICIOS EMPRESARIALES FICIE SA DE,3531711,0.3202289,GG1234575,SERVICIOS CHULAVISTA SA DE,"[b'SRFK', None]",1.0,"[b'SRFK', None]"
36,GASODIESEL Y SERVICIOS ANCONA SA DE,1802887,0.31999663,GG1234575,SERVICIOS CHULAVISTA SA DE,,,
37,SERPROVIS SA SERVICIOS Y PROVISIONES,875038,0.31853336,GG1234575,SERVICIOS CHULAVISTA SA DE,,,
38,LOS CHATAS,2887872,0.30882454,GG1234575,SERVICIOS CHULAVISTA SA DE,,,
39,MULTISERVICIOS JEVIZ SA DE,625142,0.3035319,GG1234575,SERVICIOS CHULAVISTA SA DE,,,
40,SERVICIOS ADMINISTRATIVOS Y DE ORGANIZACION S C,339087,0.2811595,GG1234575,SERVICIOS CHULAVISTA SA DE,"[b'SRFK', None]",1.0,"[b'SRFK', None]"
41,INMUEBLES SIERRA VISTA SA DE,919153,0.27966523,GG1234575,SERVICIOS CHULAVISTA SA DE,,,
42,ALAVI,2088766,0.2770133,GG1234575,SERVICIOS CHULAVISTA SA DE,,,
43,CONTINENTE MOVIL Y SERVICIOS,1019048,0.27530065,GG1234575,SERVICIOS CHULAVISTA SA DE,,,
44,TECNOLOGIA DIGITAL Y SERVICIOS SA DE,769060,0.2725015,GG1234575,SERVICIOS CHULAVISTA SA DE,,,
45,ESTACION DE SERVICIO LA TURQUESA,1218411,0.26508835,GG1234575,SERVICIOS CHULAVISTA SA DE,,,
46,FROSCH,1793513,0.26463076,GG1234575,SERVICIOS CHULAVISTA SA DE,,,
47,INTERNACIONAL MONEY SERVICIO,2231252,0.26408735,GG1234575,SERVICIOS CHULAVISTA SA DE,,,
48,JELAVIC,1504,0.25657284,GG1234575,SERVICIOS CHULAVISTA SA DE,,,
49,ASAD,6507039,0.2551685,GG1234575,SERVICIOS CHULAVISTA SA DE,,,
50,ASAD,6036225,0.2551685,GG1234575,SERVICIOS CHULAVISTA SA DE,,,
51,ASAD,3398485,0.2551685,GG1234575,SERVICIOS CHULAVISTA SA DE,,,
52,ESTACION DE SERVICIO LA FLORESTA DE FUENTE DE ORO,1218412,0.25203344,GG1234575,SERVICIOS CHULAVISTA SA DE,,,
53,ESTACIONES DE SERVICIOS CANARIAS SA DE,1799569,0.4008372,GG1234576,SERVICIOS CHULAVISTA DE,,,
54,ESTACION DE SERVICIO SERVIAGRICOLA DEL ARIARI,1218405,0.36818025,GG1234576,SERVICIOS CHULAVISTA DE,,,
55,VISTA,939124,0.36718,GG1234576,SERVICIOS CHULAVISTA DE,,,
56,SERVICIOS SILSA SAC,1019057,0.34878424,GG1234576,SERVICIOS CHULAVISTA DE,"[b'SRFK', None]",1.0,"[b'SRFK', None]"
57,MULAVI,4914727,0.3412374,GG1234576,SERVICIOS CHULAVISTA DE,,,
58,SERPROVIS SA SERVICIOS Y PROVISIONES,875038,0.32976016,GG1234576,SERVICIOS CHULAVISTA DE,,,
59,ADT PETROSERVICIOS SA DE,1831168,0.32941806,GG1234576,SERVICIOS CHULAVISTA DE,,,
60,BUENOS AIRES SERVICIOS SA DE,1802886,0.31313083,GG1234576,SERVICIOS CHULAVISTA DE,,,
61,MULTISERVICIOS AGSA SA DE,769072,0.31219342,GG1234576,SERVICIOS CHULAVISTA DE,,,
62,SERVICIOS EMPRESARIALES FICIE SA DE,3531711,0.30615193,GG1234576,SERVICIOS CHULAVISTA DE,"[b'SRFK', None]",1.0,"[b'SRFK', None]"
63,ESTACION DE SERVICIO LA FLORESTA DE FUENTE DE ORO,1218412,0.30063364,GG1234576,SERVICIOS CHULAVISTA DE,,,
64,SERVICIOS EMPRESARIALES SODA SA DE,3531712,0.28818512,GG1234576,SERVICIOS CHULAVISTA DE,"[b'SRFK', None]",1.0,"[b'SRFK', None]"
65,MULTISERVICIOS JEVIZ SA DE,625142,0.28684995,GG1234576,SERVICIOS CHULAVISTA DE,,,
66,ALAVI,2088766,0.28677672,GG1234576,SERVICIOS CHULAVISTA DE,,,
67,CONTINENTE MOVIL Y SERVICIOS,1019048,0.28500372,GG1234576,SERVICIOS CHULAVISTA DE,,,
68,ESTACION DE SERVICIO LA TURQUESA,1218411,0.27443147,GG1234576,SERVICIOS CHULAVISTA DE,,,
69,GASODIESEL Y SERVICIOS ANCONA SA DE,1802887,0.27430028,GG1234576,SERVICIOS CHULAVISTA DE,,,
70,FROSCH,1793513,0.27395773,GG1234576,SERVICIOS CHULAVISTA DE,,,
71,INTERNACIONAL MONEY SERVICIO,2231252,0.27339518,GG1234576,SERVICIOS CHULAVISTA DE,,,
72,SERVICIOS ADMINISTRATIVOS Y DE ORGANIZACION S C,339087,0.2689501,GG1234576,SERVICIOS CHULAVISTA DE,"[b'SRFK', None]",1.0,"[b'SRFK', None]"
73,JELAVIC,1504,0.26561585,GG1234576,SERVICIOS CHULAVISTA DE,,,
74,OBRAS SERVICIOS Y MANTENIMIENTOS,1402548,0.2581851,GG1234576,SERVICIOS CHULAVISTA DE,,,
75,TECNOLOGIA DIGITAL Y SERVICIOS SA DE,769060,0.25752497,GG1234576,SERVICIOS CHULAVISTA DE,,,
76,CHU,4166778,0.25476423,GG1234576,SERVICIOS CHULAVISTA DE,,,
77,CHU,4166566,0.25476423,GG1234576,SERVICIOS CHULAVISTA DE,,,
78,CHU,3584624,0.25476423,GG1234576,SERVICIOS CHULAVISTA DE,,,
79,CHU,1104287,0.25476423,GG1234576,SERVICIOS CHULAVISTA DE,,,
80,GASOLINERA Y SERVICIOS VILLABONITA SA DE,1802937,0.25405374,GG1234576,SERVICIOS CHULAVISTA DE,,,
81,SERVICIOS TECNOLOGICOS INDUSTRIALES,3325030,0.2537125,GG1234576,SERVICIOS CHULAVISTA DE,"[b'SRFK', None]",1.0,"[b'SRFK', None]"
82,ESTACIONES DE SERVICIOS CANARIAS SA DE,1799569,0.40649042,GG1234577,SERVICIOS CHULAVISTA CV SA DE,,,
83,ESTACION DE SERVICIO SERVIAGRICOLA DEL ARIARI,1218405,0.347928,GG1234577,SERVICIOS CHULAVISTA CV SA DE,,,
84,VISTA,939124,0.30695367,GG1234577,SERVICIOS CHULAVISTA CV SA DE,,,
85,ADT PETROSERVICIOS SA DE,1831168,0.30167136,GG1234577,SERVICIOS CHULAVISTA CV SA DE,,,
86,SERVICIOS SILSA SAC,1019057,0.2915753,GG1234577,SERVICIOS CHULAVISTA CV SA DE,"[b'SRFK', None]",1.0,"[b'SRFK', None]"
87,BUENOS AIRES SERVICIOS SA DE,1802886,0.286756,GG1234577,SERVICIOS CHULAVISTA CV SA DE,,,
88,MULTISERVICIOS AGSA SA DE,769072,0.28589752,GG1234577,SERVICIOS CHULAVISTA CV SA DE,,,
89,MULAVI,4914727,0.28526634,GG1234577,SERVICIOS CHULAVISTA CV SA DE,,,
90,ESTACION DE SERVICIO LA TURQUESA,1218411,0.2782128,GG1234577,SERVICIOS CHULAVISTA CV SA DE,,,
91,SERVICIOS EMPRESARIALES FICIE SA DE,3531711,0.277139,GG1234577,SERVICIOS CHULAVISTA CV SA DE,"[b'SRFK', None]",1.0,"[b'SRFK', None]"
92,SERPROVIS SA SERVICIOS Y PROVISIONES,875038,0.2756716,GG1234577,SERVICIOS CHULAVISTA CV SA DE,,,
93,SERVICIOS EMPRESARIALES SODA SA DE,3531712,0.26391143,GG1234577,SERVICIOS CHULAVISTA CV SA DE,"[b'SRFK', None]",1.0,"[b'SRFK', None]"
94,MULTISERVICIOS JEVIZ SA DE,625142,0.26268876,GG1234577,SERVICIOS CHULAVISTA CV SA DE,,,
95,ESTACION DE SERVICIO LA FLORESTA DE FUENTE DE ORO,1218412,0.25752097,GG1234577,SERVICIOS CHULAVISTA CV SA DE,,,
96,GASODIESEL Y SERVICIOS ANCONA SA DE,1802887,0.25119612,GG1234577,SERVICIOS CHULAVISTA CV SA DE,,,
97,VISTA,939124,0.33590844,GG1234578,SERVIOSCI CHULAVISTA SA DE,,,
98,MULAVI,4914727,0.31217533,GG1234578,SERVIOSCI CHULAVISTA SA DE,,,
99,GAVIOTAS,517116,0.2760988,GG1234578,SERVIOSCI CHULAVISTA SA DE,,,
100,INMUEBLES SIERRA VISTA SA DE,919153,0.26486447,GG1234578,SERVIOSCI CHULAVISTA SA DE,,,
101,ESTACIONES DE SERVICIOS CANARIAS SA DE,1799569,0.26421893,GG1234578,SERVIOSCI CHULAVISTA SA DE,,,
102,ALAVI,2088766,0.26235288,GG1234578,SERVIOSCI CHULAVISTA SA DE,,,
103,MINGZHENG INTERNATIONAL TRADING,3460446,0.50232446,FF1234579,LEADER HONG KONG INTERNATIONAL TRADING,,,
104,MINGZHENG INTERNATIONAL TRADING,3544328,0.50232446,FF1234579,LEADER HONG KONG INTERNATIONAL TRADING,,,
105,TNK TRADING INTERNATIONAL,2417299,0.47365355,FF1234579,LEADER HONG KONG INTERNATIONAL TRADING,,,
106,RIXO INTERNATIONAL TRADING,2511431,0.43555507,FF1234579,LEADER HONG KONG INTERNATIONAL TRADING,,,
107,PETRA NAVIGATION INTERNATIONAL TRADING CO,11437,0.41460675,FF1234579,LEADER HONG KONG INTERNATIONAL TRADING,,,
108,MULTITEX INTERNATIONAL TRADING,5147888,0.4131494,FF1234579,LEADER HONG KONG INTERNATIONAL TRADING,,,
109,SHEN ZHONG INTERNATIONAL SHPG,3802516,0.40268192,FF1234579,LEADER HONG KONG INTERNATIONAL TRADING,,,
110,CK INTERNATIONAL,3747403,0.37534013,FF1234579,LEADER HONG KONG INTERNATIONAL TRADING,,,
111,CK INTERNATIONAL,3747404,0.37534013,FF1234579,LEADER HONG KONG INTERNATIONAL TRADING,,,
112,JIAXIANG INDUSTRY HONG KONG,5514590,0.3729141,FF1234579,LEADER HONG KONG INTERNATIONAL TRADING,,,
113,HONGXIANG MARINE HONG KONG,3802397,0.37286988,FF1234579,LEADER HONG KONG INTERNATIONAL TRADING,,,
114,GHADIR INTERNATIONAL TRADING AND DEVELOPMENT,4568526,0.36957952,FF1234579,LEADER HONG KONG INTERNATIONAL TRADING,,,
115,KONG,6246107,0.36762473,FF1234579,LEADER HONG KONG INTERNATIONAL TRADING,,,
116,AGR INTERNATIONAL,6948184,0.36694872,FF1234579,LEADER HONG KONG INTERNATIONAL TRADING,,,
117,BMIIC INTERNATIONAL GENERAL TRADING,1031033,0.36523974,FF1234579,LEADER HONG KONG INTERNATIONAL TRADING,,,
118,HONG KONG ELECTRONICS,1096087,0.3635592,FF1234579,LEADER HONG KONG INTERNATIONAL TRADING,,,
119,TRADE POINT INTERNATIONAL,2927187,0.3626346,FF1234579,LEADER HONG KONG INTERNATIONAL TRADING,,,
120,SB INTERNATIONAL,2378590,0.36231983,FF1234579,LEADER HONG KONG INTERNATIONAL TRADING,,,
121,HONG,3168765,0.36191422,FF1234579,LEADER HONG KONG INTERNATIONAL TRADING,,,
122,SES INTERNATIONAL,226922,0.3614685,FF1234579,LEADER HONG KONG INTERNATIONAL TRADING,,,
123,MEED INTERNATIONAL,51649,0.359479,FF1234579,LEADER HONG KONG INTERNATIONAL TRADING,,,
124,NIA INTERNATIONAL,2436802,0.35908532,FF1234579,LEADER HONG KONG INTERNATIONAL TRADING,,,
125,IAC INTERNATIONAL,232101,0.3577336,FF1234579,LEADER HONG KONG INTERNATIONAL TRADING,,,
126,A T E INTERNATIONAL,7302,0.3533415,FF1234579,LEADER HONG KONG INTERNATIONAL TRADING,,,
127,INTERNATIONAL TANKER,4566433,0.3533281,FF1234579,LEADER HONG KONG INTERNATIONAL TRADING,,,
128,CHINA UNICOM HONG KONG,263449,0.34724462,FF1234579,LEADER HONG KONG INTERNATIONAL TRADING,,,
129,U I INTERNATIONAL,34626,0.34628484,FF1234579,LEADER HONG KONG INTERNATIONAL TRADING,,,
130,INTERNATIONAL PACIFIC TRADING,232102,0.34466222,FF1234579,LEADER HONG KONG INTERNATIONAL TRADING,,,
131,STARS INTERNATIONAL,2357183,0.34293523,FF1234579,LEADER HONG KONG INTERNATIONAL TRADING,,,
132,STARS INTERNATIONAL,2357182,0.34293523,FF1234579,LEADER HONG KONG INTERNATIONAL TRADING,,,
133,TEHRAN INTERNATIONAL TRANSPORT,6155501,0.33830404,FF1234579,LEADER HONG KONG INTERNATIONAL TRADING,,,
134,GREEN INDUSTRIES HONG KONG,5190906,0.33671176,FF1234579,LEADER HONG KONG INTERNATIONAL TRADING,,,
135,HUAXIN SHIPPING HONGKONG,3802398,0.33597925,FF1234579,LEADER HONG KONG INTERNATIONAL TRADING,,,
136,DES INTERNATIONAL CO,6138031,0.3356238,FF1234579,LEADER HONG KONG INTERNATIONAL TRADING,,,
137,DES INTERNATIONAL CO,6138072,0.3356238,FF1234579,LEADER HONG KONG INTERNATIONAL TRADING,,,
138,DES INTERNATIONAL CO,6138077,0.3356238,FF1234579,LEADER HONG KONG INTERNATIONAL TRADING,,,
139,DES INTERNATIONAL CO,6138056,0.3356238,FF1234579,LEADER HONG KONG INTERNATIONAL TRADING,,,
140,MCS INTERNATIONAL,2041734,0.33250955,FF1234579,LEADER HONG KONG INTERNATIONAL TRADING,,,
141,SPI INTERNATIONAL,5644929,0.32970977,FF1234579,LEADER HONG KONG INTERNATIONAL TRADING,,,
142,SPI INTERNATIONAL,5644868,0.32970977,FF1234579,LEADER HONG KONG INTERNATIONAL TRADING,,,
143,SPI INTERNATIONAL,5644930,0.32970977,FF1234579,LEADER HONG KONG INTERNATIONAL TRADING,,,
144,SHANGHAI NORTH TRANSWAY INTERNATIONAL TRADING,3425493,0.32781085,FF1234579,LEADER HONG KONG INTERNATIONAL TRADING,,,
145,YONA STAR INTERNATIONAL,3084831,0.32771167,FF1234579,LEADER HONG KONG INTERNATIONAL TRADING,,,
146,YONA STAR INTERNATIONAL,3084924,0.32771167,FF1234579,LEADER HONG KONG INTERNATIONAL TRADING,,,
147,MOBIN INTERNATIONAL,6110168,0.32702476,FF1234579,LEADER HONG KONG INTERNATIONAL TRADING,,,
148,GPB INTERNATIONAL,2358928,0.32202464,FF1234579,LEADER HONG KONG INTERNATIONAL TRADING,,,
149,SONGI TRADING,3443328,0.3219871,FF1234579,LEADER HONG KONG INTERNATIONAL TRADING,,,
150,SINO ENERGY SHIPPING HONGKONG,6007907,0.32144487,FF1234579,LEADER HONG KONG INTERNATIONAL TRADING,,,
151,SINO ENERGY SHIPPING HONGKONG,6008121,0.32144487,FF1234579,LEADER HONG KONG INTERNATIONAL TRADING,,,
152,I P C INTERNATIONAL,51636,0.3147996,FF1234579,LEADER HONG KONG INTERNATIONAL TRADING,,,
153,NPC INTERNATIONAL,1273771,0.3147996,FF1234579,LEADER HONG KONG INTERNATIONAL TRADING,,,
154,REACH SHIPPING LINES HONG KONG CO,6095241,0.3142448,FF1234579,LEADER HONG KONG INTERNATIONAL TRADING,,,
155,THE BEST LEADER GENERAL TRADING,4914651,0.31336504,FF1234579,LEADER HONG KONG INTERNATIONAL TRADING,,,
156,NIMR INTERNATIONAL,6603407,0.31196046,FF1234579,LEADER HONG KONG INTERNATIONAL TRADING,,,
157,NIMR INTERNATIONAL,6603410,0.31196046,FF1234579,LEADER HONG KONG INTERNATIONAL TRADING,,,
158,NIMR INTERNATIONAL,6603412,0.31196046,FF1234579,LEADER HONG KONG INTERNATIONAL TRADING,,,
159,NIMR INTERNATIONAL,6603418,0.31196046,FF1234579,LEADER HONG KONG INTERNATIONAL TRADING,,,
160,MELLI INTERNATIONAL BUILDING INDUSTRY,4568624,0.31063697,FF1234579,LEADER HONG KONG INTERNATIONAL TRADING,,,
161,INTERNATIONAL COBALT CO,49729,0.3090306,FF1234579,LEADER HONG KONG INTERNATIONAL TRADING,,,
162,KASB INTERNATIONAL,2112742,0.30832472,FF1234579,LEADER HONG KONG INTERNATIONAL TRADING,,,
163,MKS INTERNATIONAL CO,3312062,0.30684128,FF1234579,LEADER HONG KONG INTERNATIONAL TRADING,,,
164,GG INTERNACIONAL,2069194,0.30627745,FF1234579,LEADER HONG KONG INTERNATIONAL TRADING,,,
165,THIONGKOL,5427477,0.30545568,FF1234579,LEADER HONG KONG INTERNATIONAL TRADING,,,
166,KISH INTERNATIONAL BANK,2406901,0.30412027,FF1234579,LEADER HONG KONG INTERNATIONAL TRADING,,,
167,BLOTO INTERNATIONAL,244085,0.30293554,FF1234579,LEADER HONG KONG INTERNATIONAL TRADING,,,
168,BLOTO INTERNATIONAL,244081,0.30293554,FF1234579,LEADER HONG KONG INTERNATIONAL TRADING,,,
169,BLOTO INTERNATIONAL,244082,0.30293554,FF1234579,LEADER HONG KONG INTERNATIONAL TRADING,,,
170,DOOSTAN INTERNATIONAL,1270977,0.30022943,FF1234579,LEADER HONG KONG INTERNATIONAL TRADING,,,
171,ADOON GENERAL TRADING,6506960,0.29816714,FF1234579,LEADER HONG KONG INTERNATIONAL TRADING,,,
172,INTERNATIONAL TRADE AND INDUSTRIAL TECHNOLOGY ITRITEC,6155259,0.29745024,FF1234579,LEADER HONG KONG INTERNATIONAL TRADING,,,
173,PANACEA INTERNATIONAL,2570231,0.29583484,FF1234579,LEADER HONG KONG INTERNATIONAL TRADING,,,
174,JUNIOR INTERNATIONAL,1653091,0.29373145,FF1234579,LEADER HONG KONG INTERNATIONAL TRADING,,,
175,KOREA DAESONG GENERAL TRADING,782404,0.29071984,FF1234579,LEADER HONG KONG INTERNATIONAL TRADING,,,
176,PERSIA INTERNATIONAL BANK,734186,0.28171423,FF1234579,LEADER HONG KONG INTERNATIONAL TRADING,,,
177,PERSIA INTERNATIONAL BANK,594288,0.28171423,FF1234579,LEADER HONG KONG INTERNATIONAL TRADING,,,
178,ILSIM INTERNATIONAL BANK,1810718,0.2805883,FF1234579,LEADER HONG KONG INTERNATIONAL TRADING,,,
179,INTERNATIONAL INVESTMENTS HOLDING SA DE,5628525,0.27826077,FF1234579,LEADER HONG KONG INTERNATIONAL TRADING,,,
180,AFRICAN TRANS INTERNATIONAL HOLDINGS,4111396,0.275996,FF1234579,LEADER HONG KONG INTERNATIONAL TRADING,,,
181,BANK SEPAH INTERNATIONAL,553037,0.27339283,FF1234579,LEADER HONG KONG INTERNATIONAL TRADING,,,
182,LIAONING DANXING INTERNATIONAL FORWARDING CO,4908911,0.2722933,FF1234579,LEADER HONG KONG INTERNATIONAL TRADING,,,
183,PANGATES INTERNATIONAL CORPORATION,2457846,0.2689637,FF1234579,LEADER HONG KONG INTERNATIONAL TRADING,,,
184,PANGATES INTERNATIONAL CORPORATION,2355701,0.2689637,FF1234579,LEADER HONG KONG INTERNATIONAL TRADING,,,
185,BALTIC LEADER,6917338,0.2685828,FF1234579,LEADER HONG KONG INTERNATIONAL TRADING,,,
186,ETCO INTERNATIONAL COMPANY,52859,0.26721528,FF1234579,LEADER HONG KONG INTERNATIONAL TRADING,,,
187,SEMICONDUCTOR MANUFACTURING INTERNATIONAL,6213107,0.26701322,FF1234579,LEADER HONG KONG INTERNATIONAL TRADING,,,
188,SEMICONDUCTOR MANUFACTURING INTERNATIONAL,6185574,0.26701322,FF1234579,LEADER HONG KONG INTERNATIONAL TRADING,,,
189,DONGHAI INTERNATIONAL SHIP MANAGEMENT,6209544,0.26669955,FF1234579,LEADER HONG KONG INTERNATIONAL TRADING,,,
190,HONG PANG GENERAL TRADING COMPANY,978053,0.26588315,FF1234579,LEADER HONG KONG INTERNATIONAL TRADING,,,
191,ASYAF INTERNATIONAL HOLDING GROUP FOR TRADING AND INVESTMENT,2794863,0.26469335,FF1234579,LEADER HONG KONG INTERNATIONAL TRADING,,,
192,ASYAF INTERNATIONAL HOLDING GROUP FOR TRADING AND INVESTMENT,2794864,0.26469335,FF1234579,LEADER HONG KONG INTERNATIONAL TRADING,,,
193,UNITED WORLD INTERNATIONAL,6928512,0.26406938,FF1234579,LEADER HONG KONG INTERNATIONAL TRADING,,,
194,INTERNATIONAL DIAMOND INDUSTRIES,216347,0.26203677,FF1234579,LEADER HONG KONG INTERNATIONAL TRADING,,,
195,CUBANACAN INTERNATIONAL B V,212054,0.2616737,FF1234579,LEADER HONG KONG INTERNATIONAL TRADING,,,
196,INTERNATIONAL ANTICRISIS CENTER,6410555,0.26155737,FF1234579,LEADER HONG KONG INTERNATIONAL TRADING,,,
197,MARANER HOLDINGS,1304810,0.2614773,FF1234579,LEADER HONG KONG INTERNATIONAL TRADING,,,
198,ALQUDS INTERNATIONAL FOUNDATION,1856811,0.2569619,FF1234579,LEADER HONG KONG INTERNATIONAL TRADING,,,
199,ADOON GENERAL TRADING FZE,6506951,0.25515926,FF1234579,LEADER HONG KONG INTERNATIONAL TRADING,,,
200,AQUAMARINA ISLAND INTERNATIONAL,6737312,0.25404742,FF1234579,LEADER HONG KONG INTERNATIONAL TRADING,,,
201,AQUAMARINA ISLAND INTERNATIONAL,594108,0.25404742,FF1234579,LEADER HONG KONG INTERNATIONAL TRADING,,,
202,DANDONG ZHONGSHENG INDUSTRY TRADE CO,4359177,0.253138,FF1234579,LEADER HONG KONG INTERNATIONAL TRADING,,,
203,HESONG TRADING,369030,0.25234947,FF1234579,LEADER HONG KONG INTERNATIONAL TRADING,,,
204,DALIAN SUN MOON STAR INTERNATIONAL LOGISTICS TRADING CO,4376400,0.25206268,FF1234579,LEADER HONG KONG INTERNATIONAL TRADING,,,
205,INTERNATIONAL SIKH YOUTH FEDERATION,43689,0.2520104,FF1234579,LEADER HONG KONG INTERNATIONAL TRADING,,,
206,KINGLY WON INTERNATIONAL CO,3802399,0.25119922,FF1234579,LEADER HONG KONG INTERNATIONAL TRADING,,,
207,KINGLY WON INTERNATIONAL CO,3802406,0.25119922,FF1234579,LEADER HONG KONG INTERNATIONAL TRADING,,,
208,HERCULES INTERNATIONAL SHIP,2373661,0.25115585,FF1234579,LEADER HONG KONG INTERNATIONAL TRADING,,,
209,HERCULES INTERNATIONAL SHIP,1979841,0.25115585,FF1234579,LEADER HONG KONG INTERNATIONAL TRADING,,,
210,NAMCHONGANG TRADING,1085084,0.2510232,FF1234579,LEADER HONG KONG INTERNATIONAL TRADING,,,
211,ALAKHTAR TRUST INTERNATIONAL,191039,0.25087142,FF1234579,LEADER HONG KONG INTERNATIONAL TRADING,,,
212,ALAKHTAR TRUST INTERNATIONAL,191040,0.25087142,FF1234579,LEADER HONG KONG INTERNATIONAL TRADING,,,
213,LEBRA MOON GENERAL TRADING,4914643,0.25031525,FF1234579,LEADER HONG KONG INTERNATIONAL TRADING,,,
214,JINHOU INTERNATIONAL HOLDINGS CO,3544321,0.25025105,FF1234579,LEADER HONG KONG INTERNATIONAL TRADING,,,
215,MAK INTERNATIONAL SERVICES CO,3562452,0.25016966,FF1234579,LEADER HONG KONG INTERNATIONAL TRADING,,,
216,HONG KONG INTERTRADE,1793827,0.55104,FF1234580,LEADER HONG KONG INTERNATIONAL TRDAING,,,
217,MINGZHENG INTERNATIONAL TRADING,3460446,0.38957894,FF1234580,LEADER HONG KONG INTERNATIONAL TRDAING,,,
218,MINGZHENG INTERNATIONAL TRADING,3544328,0.38957894,FF1234580,LEADER HONG KONG INTERNATIONAL TRDAING,,,
219,NIA INTERNATIONAL,2436802,0.3881747,FF1234580,LEADER HONG KONG INTERNATIONAL TRDAING,,,
220,SHEN ZHONG INTERNATIONAL SHPG,3802516,0.37834772,FF1234580,LEADER HONG KONG INTERNATIONAL TRDAING,,,
221,CK INTERNATIONAL,3747403,0.35265818,FF1234580,LEADER HONG KONG INTERNATIONAL TRDAING,,,
222,CK INTERNATIONAL,3747404,0.35265818,FF1234580,LEADER HONG KONG INTERNATIONAL TRDAING,,,
223,TNK TRADING INTERNATIONAL,2417299,0.35147247,FF1234580,LEADER HONG KONG INTERNATIONAL TRDAING,,,
224,JIAXIANG INDUSTRY HONG KONG,5514590,0.35037878,FF1234580,LEADER HONG KONG INTERNATIONAL TRDAING,,,
225,HONGXIANG MARINE HONG KONG,3802397,0.35033724,FF1234580,LEADER HONG KONG INTERNATIONAL TRDAING,,,
226,KONG,6246107,0.34540904,FF1234580,LEADER HONG KONG INTERNATIONAL TRDAING,,,
227,AGR INTERNATIONAL,6948184,0.34477395,FF1234580,LEADER HONG KONG INTERNATIONAL TRDAING,,,
228,HONG KONG ELECTRONICS,1096087,0.34158915,FF1234580,LEADER HONG KONG INTERNATIONAL TRDAING,,,
229,SB INTERNATIONAL,2378590,0.34042475,FF1234580,LEADER HONG KONG INTERNATIONAL TRDAING,,,
230,HONG,3168765,0.3400436,FF1234580,LEADER HONG KONG INTERNATIONAL TRDAING,,,
231,SES INTERNATIONAL,226922,0.33962488,FF1234580,LEADER HONG KONG INTERNATIONAL TRDAING,,,
232,IAC INTERNATIONAL,232101,0.3361156,FF1234580,LEADER HONG KONG INTERNATIONAL TRDAING,,,
233,A T E INTERNATIONAL,7302,0.33198896,FF1234580,LEADER HONG KONG INTERNATIONAL TRDAING,,,
234,INTERNATIONAL TANKER,4566433,0.33197635,FF1234580,LEADER HONG KONG INTERNATIONAL TRDAING,,,
235,CHINA UNICOM HONG KONG,263449,0.3262605,FF1234580,LEADER HONG KONG INTERNATIONAL TRDAING,,,
236,U I INTERNATIONAL,34626,0.32535875,FF1234580,LEADER HONG KONG INTERNATIONAL TRDAING,,,
237,STARS INTERNATIONAL,2357182,0.3222116,FF1234580,LEADER HONG KONG INTERNATIONAL TRDAING,,,
238,STARS INTERNATIONAL,2357183,0.3222116,FF1234580,LEADER HONG KONG INTERNATIONAL TRDAING,,,
239,RIXO INTERNATIONAL TRADING,2511431,0.3215853,FF1234580,LEADER HONG KONG INTERNATIONAL TRDAING,,,
240,PANACEA INTERNATIONAL,2570231,0.31980032,FF1234580,LEADER HONG KONG INTERNATIONAL TRDAING,,,
241,GREEN INDUSTRIES HONG KONG,5190906,0.3163642,FF1234580,LEADER HONG KONG INTERNATIONAL TRDAING,,,
242,HUAXIN SHIPPING HONGKONG,3802398,0.31567588,FF1234580,LEADER HONG KONG INTERNATIONAL TRDAING,,,
243,DES INTERNATIONAL CO,6138056,0.315342,FF1234580,LEADER HONG KONG INTERNATIONAL TRDAING,,,
244,DES INTERNATIONAL CO,6138031,0.315342,FF1234580,LEADER HONG KONG INTERNATIONAL TRDAING,,,
245,DES INTERNATIONAL CO,6138072,0.315342,FF1234580,LEADER HONG KONG INTERNATIONAL TRDAING,,,
246,DES INTERNATIONAL CO,6138077,0.315342,FF1234580,LEADER HONG KONG INTERNATIONAL TRDAING,,,
247,MCS INTERNATIONAL,2041734,0.31241593,FF1234580,LEADER HONG KONG INTERNATIONAL TRDAING,,,
248,SPI INTERNATIONAL,5644868,0.30978528,FF1234580,LEADER HONG KONG INTERNATIONAL TRDAING,,,
249,SPI INTERNATIONAL,5644929,0.30978528,FF1234580,LEADER HONG KONG INTERNATIONAL TRDAING,,,
250,SPI INTERNATIONAL,5644930,0.30978528,FF1234580,LEADER HONG KONG INTERNATIONAL TRDAING,,,
251,MEED INTERNATIONAL,51649,0.3089129,FF1234580,LEADER HONG KONG INTERNATIONAL TRDAING,,,
252,YONA STAR INTERNATIONAL,3084831,0.3079079,FF1234580,LEADER HONG KONG INTERNATIONAL TRDAING,,,
253,YONA STAR INTERNATIONAL,3084924,0.3079079,FF1234580,LEADER HONG KONG INTERNATIONAL TRDAING,,,
254,MOBIN INTERNATIONAL,6110168,0.30726254,FF1234580,LEADER HONG KONG INTERNATIONAL TRDAING,,,
255,MULTITEX INTERNATIONAL TRADING,5147888,0.3050424,FF1234580,LEADER HONG KONG INTERNATIONAL TRDAING,,,
256,PERSIA INTERNATIONAL BANK,734186,0.3045358,FF1234580,LEADER HONG KONG INTERNATIONAL TRDAING,,,
257,PERSIA INTERNATIONAL BANK,594288,0.3045358,FF1234580,LEADER HONG KONG INTERNATIONAL TRDAING,,,
258,GPB INTERNATIONAL,2358928,0.30256456,FF1234580,LEADER HONG KONG INTERNATIONAL TRDAING,,,
259,PETRA NAVIGATION INTERNATIONAL TRADING CO,11437,0.30215052,FF1234580,LEADER HONG KONG INTERNATIONAL TRDAING,,,
260,SINO ENERGY SHIPPING HONGKONG,6007907,0.30201983,FF1234580,LEADER HONG KONG INTERNATIONAL TRDAING,,,
261,SINO ENERGY SHIPPING HONGKONG,6008121,0.30201983,FF1234580,LEADER HONG KONG INTERNATIONAL TRDAING,,,
262,TEHRAN INTERNATIONAL TRANSPORT,6155501,0.29861906,FF1234580,LEADER HONG KONG INTERNATIONAL TRDAING,,,
263,TRADE POINT INTERNATIONAL,2927187,0.2960166,FF1234580,LEADER HONG KONG INTERNATIONAL TRDAING,,,
264,NPC INTERNATIONAL,1273771,0.2957762,FF1234580,LEADER HONG KONG INTERNATIONAL TRDAING,,,
265,I P C INTERNATIONAL,51636,0.2957762,FF1234580,LEADER HONG KONG INTERNATIONAL TRDAING,,,
266,REACH SHIPPING LINES HONG KONG CO,6095241,0.29525492,FF1234580,LEADER HONG KONG INTERNATIONAL TRDAING,,,
267,NIMR INTERNATIONAL,6603407,0.29310864,FF1234580,LEADER HONG KONG INTERNATIONAL TRDAING,,,
268,NIMR INTERNATIONAL,6603410,0.29310864,FF1234580,LEADER HONG KONG INTERNATIONAL TRDAING,,,
269,NIMR INTERNATIONAL,6603412,0.29310864,FF1234580,LEADER HONG KONG INTERNATIONAL TRDAING,,,
270,NIMR INTERNATIONAL,6603418,0.29310864,FF1234580,LEADER HONG KONG INTERNATIONAL TRDAING,,,
271,INTERNATIONAL COBALT CO,49729,0.2903558,FF1234580,LEADER HONG KONG INTERNATIONAL TRDAING,,,
272,KASB INTERNATIONAL,2112742,0.28969258,FF1234580,LEADER HONG KONG INTERNATIONAL TRDAING,,,
273,MKS INTERNATIONAL CO,3312062,0.28829876,FF1234580,LEADER HONG KONG INTERNATIONAL TRDAING,,,
274,GG INTERNACIONAL,2069194,0.28776902,FF1234580,LEADER HONG KONG INTERNATIONAL TRDAING,,,
275,THIONGKOL,5427477,0.28699693,FF1234580,LEADER HONG KONG INTERNATIONAL TRDAING,,,
276,KISH INTERNATIONAL BANK,2406901,0.28574225,FF1234580,LEADER HONG KONG INTERNATIONAL TRDAING,,,
277,BLOTO INTERNATIONAL,244085,0.28462905,FF1234580,LEADER HONG KONG INTERNATIONAL TRDAING,,,
278,BLOTO INTERNATIONAL,244082,0.28462905,FF1234580,LEADER HONG KONG INTERNATIONAL TRDAING,,,
279,BLOTO INTERNATIONAL,244081,0.28462905,FF1234580,LEADER HONG KONG INTERNATIONAL TRDAING,,,
280,DOOSTAN INTERNATIONAL,1270977,0.2820865,FF1234580,LEADER HONG KONG INTERNATIONAL TRDAING,,,
281,JUNIOR INTERNATIONAL,1653091,0.27598116,FF1234580,LEADER HONG KONG INTERNATIONAL TRDAING,,,
282,MELLI INTERNATIONAL BUILDING INDUSTRY,4568624,0.27352864,FF1234580,LEADER HONG KONG INTERNATIONAL TRDAING,,,
283,BMIIC INTERNATIONAL GENERAL TRADING,1031033,0.26966906,FF1234580,LEADER HONG KONG INTERNATIONAL TRDAING,,,
284,ILSIM INTERNATIONAL BANK,1810718,0.2636323,FF1234580,LEADER HONG KONG INTERNATIONAL TRDAING,,,
285,BABBAR KHALSA INTERNATIONAL,43690,0.2628053,FF1234580,LEADER HONG KONG INTERNATIONAL TRDAING,,,
286,MUNSA INTERNATIONAL INVESMENTS,3172966,0.2598313,FF1234580,LEADER HONG KONG INTERNATIONAL TRDAING,,,
287,GHADIR INTERNATIONAL TRADING AND DEVELOPMENT,4568526,0.25802618,FF1234580,LEADER HONG KONG INTERNATIONAL TRDAING,,,
288,BANK SEPAH INTERNATIONAL,553037,0.2568716,FF1234580,LEADER HONG KONG INTERNATIONAL TRDAING,,,
289,SHANGHAI NORTH TRANSWAY INTERNATIONAL TRADING,3425493,0.25649843,FF1234580,LEADER HONG KONG INTERNATIONAL TRDAING,,,
290,SYRIA INTERNATIONAL ISLAMIC BANK,1674617,0.25307304,FF1234580,LEADER HONG KONG INTERNATIONAL TRDAING,,,
291,PANGATES INTERNATIONAL CORPORATION,2355701,0.2527101,FF1234580,LEADER HONG KONG INTERNATIONAL TRDAING,,,
292,PANGATES INTERNATIONAL CORPORATION,2457846,0.2527101,FF1234580,LEADER HONG KONG INTERNATIONAL TRDAING,,,
293,BALTIC LEADER,6917338,0.25235227,FF1234580,LEADER HONG KONG INTERNATIONAL TRDAING,,,
294,ETCO INTERNATIONAL COMPANY,52859,0.2510674,FF1234580,LEADER HONG KONG INTERNATIONAL TRDAING,,,
295,SEMICONDUCTOR MANUFACTURING INTERNATIONAL,6213107,0.25087753,FF1234580,LEADER HONG KONG INTERNATIONAL TRDAING,,,
296,SEMICONDUCTOR MANUFACTURING INTERNATIONAL,6185574,0.25087753,FF1234580,LEADER HONG KONG INTERNATIONAL TRDAING,,,
297,DONGHAI INTERNATIONAL SHIP MANAGEMENT,6209544,0.2505828,FF1234580,LEADER HONG KONG INTERNATIONAL TRDAING,,,
298,LEADER HONG KONG INTERNATIONAL TRADING,1944450,0.52197534,FF1234581,LEADER OHNG OKNG INTERNATIONAL TRADING,"[b'LTRN', None]",1.0,"[b'LTRN', None]"
299,MINGZHENG INTERNATIONAL TRADING,3544328,0.4659661,FF1234581,LEADER OHNG OKNG INTERNATIONAL TRADING,,,
300,MINGZHENG INTERNATIONAL TRADING,3460446,0.4659661,FF1234581,LEADER OHNG OKNG INTERNATIONAL TRADING,,,
301,TNK TRADING INTERNATIONAL,2417299,0.43937042,FF1234581,LEADER OHNG OKNG INTERNATIONAL TRADING,,,
302,RIXO INTERNATIONAL TRADING,2511431,0.40402955,FF1234581,LEADER OHNG OKNG INTERNATIONAL TRADING,,,
303,PETRA NAVIGATION INTERNATIONAL TRADING CO,11437,0.38459742,FF1234581,LEADER OHNG OKNG INTERNATIONAL TRADING,,,
304,MULTITEX INTERNATIONAL TRADING,5147888,0.38324565,FF1234581,LEADER OHNG OKNG INTERNATIONAL TRADING,,,
305,CK INTERNATIONAL,3747404,0.34817296,FF1234581,LEADER OHNG OKNG INTERNATIONAL TRADING,,,
306,CK INTERNATIONAL,3747403,0.34817296,FF1234581,LEADER OHNG OKNG INTERNATIONAL TRADING,,,
307,GHADIR INTERNATIONAL TRADING AND DEVELOPMENT,4568526,0.34282935,FF1234581,LEADER OHNG OKNG INTERNATIONAL TRADING,,,
308,AGR INTERNATIONAL,6948184,0.34038898,FF1234581,LEADER OHNG OKNG INTERNATIONAL TRADING,,,
309,BMIIC INTERNATIONAL GENERAL TRADING,1031033,0.33880365,FF1234581,LEADER OHNG OKNG INTERNATIONAL TRADING,,,
310,TRADE POINT INTERNATIONAL,2927187,0.33638704,FF1234581,LEADER OHNG OKNG INTERNATIONAL TRADING,,,
311,SB INTERNATIONAL,2378590,0.33609506,FF1234581,LEADER OHNG OKNG INTERNATIONAL TRADING,,,
312,SES INTERNATIONAL,226922,0.33530536,FF1234581,LEADER OHNG OKNG INTERNATIONAL TRADING,,,
313,MEED INTERNATIONAL,51649,0.33345988,FF1234581,LEADER OHNG OKNG INTERNATIONAL TRADING,,,
314,NIA INTERNATIONAL,2436802,0.3330947,FF1234581,LEADER OHNG OKNG INTERNATIONAL TRADING,,,
315,IAC INTERNATIONAL,232101,0.33184078,FF1234581,LEADER OHNG OKNG INTERNATIONAL TRADING,,,
316,A T E INTERNATIONAL,7302,0.32776657,FF1234581,LEADER OHNG OKNG INTERNATIONAL TRADING,,,
317,INTERNATIONAL TANKER,4566433,0.32775417,FF1234581,LEADER OHNG OKNG INTERNATIONAL TRADING,,,
318,U I INTERNATIONAL,34626,0.3212207,FF1234581,LEADER OHNG OKNG INTERNATIONAL TRADING,,,
319,INTERNATIONAL PACIFIC TRADING,232102,0.31971547,FF1234581,LEADER OHNG OKNG INTERNATIONAL TRADING,,,
320,STARS INTERNATIONAL,2357182,0.31811357,FF1234581,LEADER OHNG OKNG INTERNATIONAL TRADING,,,
321,STARS INTERNATIONAL,2357183,0.31811357,FF1234581,LEADER OHNG OKNG INTERNATIONAL TRADING,,,
322,TEHRAN INTERNATIONAL TRANSPORT,6155501,0.31381756,FF1234581,LEADER OHNG OKNG INTERNATIONAL TRADING,,,
323,DES INTERNATIONAL CO,6138077,0.31133136,FF1234581,LEADER OHNG OKNG INTERNATIONAL TRADING,,,
324,DES INTERNATIONAL CO,6138072,0.31133136,FF1234581,LEADER OHNG OKNG INTERNATIONAL TRADING,,,
325,DES INTERNATIONAL CO,6138056,0.31133136,FF1234581,LEADER OHNG OKNG INTERNATIONAL TRADING,,,
326,DES INTERNATIONAL CO,6138031,0.31133136,FF1234581,LEADER OHNG OKNG INTERNATIONAL TRADING,,,
327,MCS INTERNATIONAL,2041734,0.30844247,FF1234581,LEADER OHNG OKNG INTERNATIONAL TRADING,,,
328,SPI INTERNATIONAL,5644868,0.30584535,FF1234581,LEADER OHNG OKNG INTERNATIONAL TRADING,,,
329,SPI INTERNATIONAL,5644929,0.30584535,FF1234581,LEADER OHNG OKNG INTERNATIONAL TRADING,,,
330,SPI INTERNATIONAL,5644930,0.30584535,FF1234581,LEADER OHNG OKNG INTERNATIONAL TRADING,,,
331,SHANGHAI NORTH TRANSWAY INTERNATIONAL TRADING,3425493,0.30408388,FF1234581,LEADER OHNG OKNG INTERNATIONAL TRADING,,,
332,YONA STAR INTERNATIONAL,3084831,0.30399188,FF1234581,LEADER OHNG OKNG INTERNATIONAL TRADING,,,
333,YONA STAR INTERNATIONAL,3084924,0.30399188,FF1234581,LEADER OHNG OKNG INTERNATIONAL TRADING,,,
334,MOBIN INTERNATIONAL,6110168,0.30335465,FF1234581,LEADER OHNG OKNG INTERNATIONAL TRADING,,,
335,GPB INTERNATIONAL,2358928,0.29871646,FF1234581,LEADER OHNG OKNG INTERNATIONAL TRADING,,,
336,NPC INTERNATIONAL,1273771,0.29201436,FF1234581,LEADER OHNG OKNG INTERNATIONAL TRADING,,,
337,I P C INTERNATIONAL,51636,0.29201436,FF1234581,LEADER OHNG OKNG INTERNATIONAL TRADING,,,
338,THE BEST LEADER GENERAL TRADING,4914651,0.29068366,FF1234581,LEADER OHNG OKNG INTERNATIONAL TRADING,,,
339,NIMR INTERNATIONAL,6603410,0.2893807,FF1234581,LEADER OHNG OKNG INTERNATIONAL TRADING,,,
340,NIMR INTERNATIONAL,6603407,0.2893807,FF1234581,LEADER OHNG OKNG INTERNATIONAL TRADING,,,
341,NIMR INTERNATIONAL,6603412,0.2893807,FF1234581,LEADER OHNG OKNG INTERNATIONAL TRADING,,,
342,NIMR INTERNATIONAL,6603418,0.2893807,FF1234581,LEADER OHNG OKNG INTERNATIONAL TRADING,,,
343,MELLI INTERNATIONAL BUILDING INDUSTRY,4568624,0.28815302,FF1234581,LEADER OHNG OKNG INTERNATIONAL TRADING,,,
344,INTERNATIONAL COBALT CO,49729,0.2866629,FF1234581,LEADER OHNG OKNG INTERNATIONAL TRADING,,,
345,KASB INTERNATIONAL,2112742,0.2860082,FF1234581,LEADER OHNG OKNG INTERNATIONAL TRADING,,,
346,MKS INTERNATIONAL CO,3312062,0.28463206,FF1234581,LEADER OHNG OKNG INTERNATIONAL TRADING,,,
347,GG INTERNACIONAL,2069194,0.28410903,FF1234581,LEADER OHNG OKNG INTERNATIONAL TRADING,,,
348,BINGO INTERNACIONAL,1218423,0.28364423,FF1234581,LEADER OHNG OKNG INTERNATIONAL TRADING,,,
349,KISH INTERNATIONAL BANK,2406901,0.28210804,FF1234581,LEADER OHNG OKNG INTERNATIONAL TRADING,,,
350,BLOTO INTERNATIONAL,244085,0.281009,FF1234581,LEADER OHNG OKNG INTERNATIONAL TRADING,,,
351,BLOTO INTERNATIONAL,244082,0.281009,FF1234581,LEADER OHNG OKNG INTERNATIONAL TRADING,,,
352,BLOTO INTERNATIONAL,244081,0.281009,FF1234581,LEADER OHNG OKNG INTERNATIONAL TRADING,,,
353,MANGOK,2294081,0.28083852,FF1234581,LEADER OHNG OKNG INTERNATIONAL TRADING,,,
354,DOOSTAN INTERNATIONAL,1270977,0.27849877,FF1234581,LEADER OHNG OKNG INTERNATIONAL TRADING,,,
355,SHEN ZHONG INTERNATIONAL SHPG,3802516,0.27832988,FF1234581,LEADER OHNG OKNG INTERNATIONAL TRADING,,,
356,INTERNATIONAL TRADE AND INDUSTRIAL TECHNOLOGY ITRITEC,6155259,0.27592078,FF1234581,LEADER OHNG OKNG INTERNATIONAL TRADING,,,
357,PANACEA INTERNATIONAL,2570231,0.2744223,FF1234581,LEADER OHNG OKNG INTERNATIONAL TRADING,,,
358,JUNIOR INTERNATIONAL,1653091,0.27247113,FF1234581,LEADER OHNG OKNG INTERNATIONAL TRADING,,,
359,PERSIA INTERNATIONAL BANK,734186,0.2613237,FF1234581,LEADER OHNG OKNG INTERNATIONAL TRADING,,,
360,PERSIA INTERNATIONAL BANK,594288,0.2613237,FF1234581,LEADER OHNG OKNG INTERNATIONAL TRADING,,,
361,ILSIM INTERNATIONAL BANK,1810718,0.26027933,FF1234581,LEADER OHNG OKNG INTERNATIONAL TRADING,,,
362,INTERNATIONAL INVESTMENTS HOLDING SA DE,5628525,0.25812024,FF1234581,LEADER OHNG OKNG INTERNATIONAL TRADING,,,
363,AFRICAN TRANS INTERNATIONAL HOLDINGS,4111396,0.25601938,FF1234581,LEADER OHNG OKNG INTERNATIONAL TRADING,,,
364,BANK SEPAH INTERNATIONAL,553037,0.2536046,FF1234581,LEADER OHNG OKNG INTERNATIONAL TRADING,,,
365,LIAONING DANXING INTERNATIONAL FORWARDING CO,4908911,0.2525847,FF1234581,LEADER OHNG OKNG INTERNATIONAL TRADING,,,
366,LEADER HONG KONG INTERNATIONAL TRADING,1944450,0.4499437,FF1234582,LEDAER HONG KNOG INTRENATIONAL TRDAING,"[b'LTRN', None]",1.0,"[b'LTRN', None]"
367,MAYALEH,367835,0.35266656,MM1234592,MZ MAYAK,,,
368,MAYA RIOS,2887893,0.34362197,MM1234592,MZ MAYAK,,,
369,IZMAYLOV,2287353,0.33038417,MM1234592,MZ MAYAK,,,
370,KAYAKIRAN,4854565,0.30458373,MM1234592,MZ MAYAK,,,
371,AMAYA ALEMAN,1346103,0.2709016,MM1234592,MZ MAYAK,,,
372,HERNANDEZ AMAYA,1995756,0.26015133,MM1234592,MZ MAYAK,,,
373,MAYALEH,367835,0.2952044,MM1234593,MZ MAYAK AO,,,
374,MAYA RIOS,2887893,0.2876335,MM1234593,MZ MAYAK AO,,,
375,IZMAYLOV,2287353,0.27655262,MM1234593,MZ MAYAK AO,,,
376,KAYAKIRAN,4854565,0.254956,MM1234593,MZ MAYAK AO,,,
377,MZ MAYAK,2438958,0.40721482,MM1234594,MZ MAAK AO,"[b'MSMK', b'MTSM']",0.99999994,"[b'MSMK', b'MTSM']"
378,ZAYD,3398578,0.48982477,MM1234595,Z AYAK,,,
379,MZ MAYAK,2438958,0.42012525,MM1234595,Z AYAK,,,
380,KAYAKIRAN,4854565,0.40405715,MM1234595,Z AYAK,,,
381,ZAYDAN,3398579,0.3642303,MM1234595,Z AYAK,,,
382,ALZAYDI,2678749,0.31815284,MM1234595,Z AYAK,,,
383,ZAYTSEV,1291933,0.30646408,MM1234595,Z AYAK,,,
384,YAKUT,880040,0.30183983,MM1234595,Z AYAK,,,
385,AYAD,6876473,0.29902852,MM1234595,Z AYAK,,,
386,AYAD,6876437,0.29902852,MM1234595,Z AYAK,,,
387,AYAD,2279957,0.29902852,MM1234595,Z AYAK,,,
388,ZAYNIYAH,2348795,0.28193313,MM1234595,Z AYAK,,,
389,AYARI,164006,0.27909544,MM1234595,Z AYAK,,,
390,AYASH,1427657,0.26814517,MM1234595,Z AYAK,,,
391,YAKUNIN,249742,0.26251042,MM1234595,Z AYAK,,,
392,YAKUZA,447699,0.25923964,MM1234595,Z AYAK,,,
393,KARYAKIN,2358534,0.2534248,MM1234595,Z AYAK,,,
394,MARAYA,5951261,0.25119123,MM1234595,Z AYAK,,,
395,ANSAR ALISLAM,80486,0.29475197,RR1234609,JAMYAH TAAWUN ALISLAMIA,,,
396,KARAMYAN,2898002,0.26524025,RR1234609,JAMYAH TAAWUN ALISLAMIA,,,
397,FATAH ALISLAM,538378,0.2583398,RR1234609,JAMYAH TAAWUN ALISLAMIA,,,
398,ANSAR ALISLAM,80486,0.29475197,RR1234610,JAMYAH TAAWUN ALISLAMIA,,,
399,KARAMYAN,2898002,0.26524025,RR1234610,JAMYAH TAAWUN ALISLAMIA,,,
400,FATAH ALISLAM,538378,0.2583398,RR1234610,JAMYAH TAAWUN ALISLAMIA,,,
401,ANSAR ALISLAM,80486,0.29475197,RR1234611,JAMYAH TAAWUN ALISLAMIA,,,
402,KARAMYAN,2898002,0.26524025,RR1234611,JAMYAH TAAWUN ALISLAMIA,,,
403,FATAH ALISLAM,538378,0.2583398,RR1234611,JAMYAH TAAWUN ALISLAMIA,,,
404,ANSAR ALISLAM,80486,0.29475197,RR1234612,JAMYAH TAAWUN ALISLAMIA,,,
405,KARAMYAN,2898002,0.26524025,RR1234612,JAMYAH TAAWUN ALISLAMIA,,,
406,FATAH ALISLAM,538378,0.2583398,RR1234612,JAMYAH TAAWUN ALISLAMIA,,,
407,MSAAN,5288873,0.35018092,SS1234613,CRYMSA ARGENTINA,,,
408,YARGEO,2369215,0.26730582,SS1234613,CRYMSA ARGENTINA,,,
409,MSAAN,5288873,0.35018092,SS1234614,CRYMSA ARGENTINA,,,
410,YARGEO,2369215,0.26730582,SS1234614,CRYMSA ARGENTINA,,,
411,MSAAN,5288873,0.35018092,SS1234615,CRYMSA ARGENTINA,,,
412,YARGEO,2369215,0.26730582,SS1234615,CRYMSA ARGENTINA,,,
413,MSAAN,5288873,0.35018092,SS1234616,CRYMSA ARGENTINA,,,
414,YARGEO,2369215,0.26730582,SS1234616,CRYMSA ARGENTINA,,,
415,SARA PROPERTIES,450389,0.57538503,TT1234617,DURAND PROPERTIES,,,
416,VP PROPERTIES,3012060,0.5703608,TT1234617,DURAND PROPERTIES,,,
417,SUN PROPERTIES,5147815,0.55765265,TT1234617,DURAND PROPERTIES,,,
418,BENA PROPERTIES,1501408,0.55465233,TT1234617,DURAND PROPERTIES,,,
419,ORAMA PROPERTIES,3713006,0.5483146,TT1234617,DURAND PROPERTIES,,,
420,ALDAR PROPERTIES,6702918,0.54128206,TT1234617,DURAND PROPERTIES,,,
421,FENTEX PROPERTIES,2898150,0.53151655,TT1234617,DURAND PROPERTIES,,,
422,TROLL PROPERTIES,3012058,0.5100814,TT1234617,DURAND PROPERTIES,,,
423,OZLAM PROPERTIES,450387,0.49612674,TT1234617,DURAND PROPERTIES,,,
424,ALMERINA PROPERTIES,4280972,0.49480563,TT1234617,DURAND PROPERTIES,,,
425,VERTEX PROPERTIES EOOD,6492101,0.4830802,TT1234617,DURAND PROPERTIES,,,
426,HILOW PROPERTIES,3805956,0.47756886,TT1234617,DURAND PROPERTIES,,,
427,ONE CLASS PROPERTIES,2041739,0.44882506,TT1234617,DURAND PROPERTIES,,,
428,FLEURETTE PROPERTIES,3713015,0.44832164,TT1234617,DURAND PROPERTIES,,,
429,FLEURETTE PROPERTIES,3713014,0.44832164,TT1234617,DURAND PROPERTIES,,,
430,FLEURETTE PROPERTIES,3713013,0.44832164,TT1234617,DURAND PROPERTIES,,,
431,TINDAYA PROPERTIES HOLDING USA,4820240,0.39263675,TT1234617,DURAND PROPERTIES,,,
432,TINDAYA PROPERTIES OF NEW YORK,4820238,0.35589215,TT1234617,DURAND PROPERTIES,,,
433,PROPERTYVB,6492106,0.35552502,TT1234617,DURAND PROPERTIES,,,
434,RIM GROUP PROPERTIES OF NEW YORK,4820244,0.34130204,TT1234617,DURAND PROPERTIES,,,
435,TINDAYA PROPERTIES OF NEW YORK II,4820236,0.33476746,TT1234617,DURAND PROPERTIES,,,
436,RIM GROUP PROPERTIES OF NEW YORK II,4820245,0.32253873,TT1234617,DURAND PROPERTIES,,,
437,OPERA,6307028,0.29524922,TT1234617,DURAND PROPERTIES,,,
438,SUPERTIENDAS HANDAL,1995763,0.2846933,TT1234617,DURAND PROPERTIES,,,
439,DURANSOY,1431578,0.27810168,TT1234617,DURAND PROPERTIES,,,
440,DURANSOY,1431576,0.27810168,TT1234617,DURAND PROPERTIES,,,
441,SMILE PROPERTY TRAVEL,4993069,0.2642198,TT1234617,DURAND PROPERTIES,,,
442,SMILE PROPERTY TRAVEL,4992913,0.2642198,TT1234617,DURAND PROPERTIES,,,
443,TRY PHEAP PROPERTY CO,5425955,0.25694323,TT1234617,DURAND PROPERTIES,,,
444,PROPER IN MANAGEMENT,4933548,0.25308695,TT1234617,DURAND PROPERTIES,,,
445,SARA PROPERTIES,450389,0.57538503,TT1234618,DURAND PROPERTIES,,,
446,VP PROPERTIES,3012060,0.5703608,TT1234618,DURAND PROPERTIES,,,
447,SUN PROPERTIES,5147815,0.55765265,TT1234618,DURAND PROPERTIES,,,
448,BENA PROPERTIES,1501408,0.55465233,TT1234618,DURAND PROPERTIES,,,
449,ORAMA PROPERTIES,3713006,0.5483146,TT1234618,DURAND PROPERTIES,,,
450,ALDAR PROPERTIES,6702918,0.54128206,TT1234618,DURAND PROPERTIES,,,
451,FENTEX PROPERTIES,2898150,0.53151655,TT1234618,DURAND PROPERTIES,,,
452,TROLL PROPERTIES,3012058,0.5100814,TT1234618,DURAND PROPERTIES,,,
453,OZLAM PROPERTIES,450387,0.49612674,TT1234618,DURAND PROPERTIES,,,
454,ALMERINA PROPERTIES,4280972,0.49480563,TT1234618,DURAND PROPERTIES,,,
455,VERTEX PROPERTIES EOOD,6492101,0.4830802,TT1234618,DURAND PROPERTIES,,,
456,HILOW PROPERTIES,3805956,0.47756886,TT1234618,DURAND PROPERTIES,,,
457,ONE CLASS PROPERTIES,2041739,0.44882506,TT1234618,DURAND PROPERTIES,,,
458,FLEURETTE PROPERTIES,3713015,0.44832164,TT1234618,DURAND PROPERTIES,,,
459,FLEURETTE PROPERTIES,3713014,0.44832164,TT1234618,DURAND PROPERTIES,,,
460,FLEURETTE PROPERTIES,3713013,0.44832164,TT1234618,DURAND PROPERTIES,,,
461,TINDAYA PROPERTIES HOLDING USA,4820240,0.39263675,TT1234618,DURAND PROPERTIES,,,
462,TINDAYA PROPERTIES OF NEW YORK,4820238,0.35589215,TT1234618,DURAND PROPERTIES,,,
463,PROPERTYVB,6492106,0.35552502,TT1234618,DURAND PROPERTIES,,,
464,RIM GROUP PROPERTIES OF NEW YORK,4820244,0.34130204,TT1234618,DURAND PROPERTIES,,,
465,TINDAYA PROPERTIES OF NEW YORK II,4820236,0.33476746,TT1234618,DURAND PROPERTIES,,,
466,RIM GROUP PROPERTIES OF NEW YORK II,4820245,0.32253873,TT1234618,DURAND PROPERTIES,,,
467,OPERA,6307028,0.29524922,TT1234618,DURAND PROPERTIES,,,
468,SUPERTIENDAS HANDAL,1995763,0.2846933,TT1234618,DURAND PROPERTIES,,,
469,DURANSOY,1431578,0.27810168,TT1234618,DURAND PROPERTIES,,,
470,DURANSOY,1431576,0.27810168,TT1234618,DURAND PROPERTIES,,,
471,SMILE PROPERTY TRAVEL,4993069,0.2642198,TT1234618,DURAND PROPERTIES,,,
472,SMILE PROPERTY TRAVEL,4992913,0.2642198,TT1234618,DURAND PROPERTIES,,,
473,TRY PHEAP PROPERTY CO,5425955,0.25694323,TT1234618,DURAND PROPERTIES,,,
474,PROPER IN MANAGEMENT,4933548,0.25308695,TT1234618,DURAND PROPERTIES,,,
475,A W A ENGINEERING,7303,0.58595157,UU1234619,TMG ENGINEERING,,,
476,NICO ENGINEERING,1273763,0.585372,UU1234619,TMG ENGINEERING,,,
477,MCS ENGINEERING,2041733,0.5823681,UU1234619,TMG ENGINEERING,,,
478,SEPASAD ENGINEERING,734184,0.554969,UU1234619,TMG ENGINEERING,,,
479,FATER ENGINEERING INSTITUTE,1208660,0.5208769,UU1234619,TMG ENGINEERING,,,
480,TECHNOTAR ENGINEERING,3007594,0.51376295,UU1234619,TMG ENGINEERING,,,
481,EUROGROUP ENGINEERING,6492081,0.4930846,UU1234619,TMG ENGINEERING,,,
482,MINES AND METALS ENGINEERING,1304220,0.4739157,UU1234619,TMG ENGINEERING,,,
483,REY NIRU ENGINEERING,2041730,0.4704325,UU1234619,TMG ENGINEERING,,,
484,MIRAGE FOR ENGINEERING AND TRADING,3312061,0.44017324,UU1234619,TMG ENGINEERING,,,
485,HESCO ENGINEERING CONSTRUCTION,2873383,0.43581247,UU1234619,TMG ENGINEERING,,,
486,HESCO ENGINEERING CONSTRUCTION,2873382,0.43581247,UU1234619,TMG ENGINEERING,,,
487,OFOGH SABERIN ENGINEERING DEVELOPMENT,1345077,0.43362463,UU1234619,TMG ENGINEERING,,,
488,SADID CARAN SABA ENGINEERING,3572138,0.43302476,UU1234619,TMG ENGINEERING,,,
489,SOMIC ENGINEERING AND MANAGEMENT,6155473,0.42566937,UU1234619,TMG ENGINEERING,,,
490,CSSC OFFSHORE MARINE ENGINEERING GROUP COMPANY,522044,0.42004108,UU1234619,TMG ENGINEERING,,,
491,SEPANIR OIL AND GAS ENGINEERING,1273776,0.41370258,UU1234619,TMG ENGINEERING,,,
492,RASTAFANN ERTEBAT ENGINEERING,3610305,0.41192177,UU1234619,TMG ENGINEERING,,,
493,ALINMAA ENGINEERING AND CONTRACTING,2691975,0.41102445,UU1234619,TMG ENGINEERING,,,
494,ALINMAA ENGINEERING AND CONTRACTING,2691974,0.41102445,UU1234619,TMG ENGINEERING,,,
495,MAHAB GHODSS CONSULTING ENGINEERING,1304231,0.41098693,UU1234619,TMG ENGINEERING,,,
496,D2 IMAGINEERING,4211075,0.40561694,UU1234619,TMG ENGINEERING,"[b'TMJN', b'TMKN']",0.67633617,"[b'TMKN', None]"
497,ARAB PETROLEUM ENGINEERING COMPANY,11541,0.39391956,UU1234619,TMG ENGINEERING,,,
498,ASSOCIATED ENGINEERS,11549,0.39104554,UU1234619,TMG ENGINEERING,,,
499,A ENGINEERING ELECTRONICS MEDIA PRINTING CO,3562450,0.39094225,UU1234619,TMG ENGINEERING,,,
500,NPV ENGINEERING OPEN JOINT STOCK,4028701,0.38973632,UU1234619,TMG ENGINEERING,,,
501,CHINA NUCLEAR ENGINEERING CORPORATION,1870695,0.38956758,UU1234619,TMG ENGINEERING,,,
502,TAWU MECHANICAL ENGINEERING AND TRADING,5136122,0.38904986,UU1234619,TMG ENGINEERING,"[b'TMXN', b'TMKN']",0.68279445,"[b'TMKN', None]"
503,GHESHM SHIPPING LINES MARINE AND ENGINEERING SERVICES,4566351,0.38750443,UU1234619,TMG ENGINEERING,,,
504,NOVIN PARS MINERAL EXPLORATION AND MINING ENGINEERING,4568871,0.38705382,UU1234619,TMG ENGINEERING,,,
505,TRY PHEAP ENGINEERING CONSTRUCTION CO,5425939,0.3807391,UU1234619,TMG ENGINEERING,,,
506,ATOMIC FUEL DEVELOPMENT ENGINEERING,1638150,0.37894416,UU1234619,TMG ENGINEERING,,,
507,GLOBAL INDUSTRIAL AND ENGINEERING SUPPLY,5855477,0.37030113,UU1234619,TMG ENGINEERING,,,
508,GLOBAL INDUSTRIAL AND ENGINEERING SUPPLY,5855779,0.37030113,UU1234619,TMG ENGINEERING,,,
509,AL AMIR CO FOR ENGINEERING CONSTRUCTION AND GENERAL TRADE,6876478,0.37000966,UU1234619,TMG ENGINEERING,,,
510,PARS SAZEH ENGINEERING AND CONSTRUCTION,4569207,0.36900955,UU1234619,TMG ENGINEERING,,,
511,NATIONAL IRANIAN OIL ENGINEERING AND CONSTRUCTION,1305677,0.3535976,UU1234619,TMG ENGINEERING,,,
512,LIMITED LIABILITY COMPANY BELINVESTENGINEERING,6919897,0.34882894,UU1234619,TMG ENGINEERING,,,
513,GHADIR PAYMAN COUNSELING ENGINEERS,4568968,0.34164256,UU1234619,TMG ENGINEERING,,,
514,DAMAVAND ELECTRICITY AND POWER ENGINEERING,4566400,0.33769038,UU1234619,TMG ENGINEERING,,,
515,SAHEL CONSULTANT ENGINEERS,734185,0.33290446,UU1234619,TMG ENGINEERING,,,
516,IMENSAZEN CONSULTANT ENGINEERS INSTITUTE,1208665,0.26289406,UU1234619,TMG ENGINEERING,,,
517,ENERGY ENGINEERS PROCUREMENT AND CONSTRUCTION,4241046,0.25874364,UU1234619,TMG ENGINEERING,,,
518,ENERGY ENGINEERS PROCUREMENT AND CONSTRUCTION,4241045,0.25874364,UU1234619,TMG ENGINEERING,,,
519,ENERGY ENGINEERS PROCUREMENT AND CONSTRUCTION,4240973,0.25874364,UU1234619,TMG ENGINEERING,,,
520,ENERGY ENGINEERS PROCUREMENT AND CONSTRUCTION,4240972,0.25874364,UU1234619,TMG ENGINEERING,,,
521,ENERGY ENGINEERS PROCUREMENT AND CONSTRUCTION,4240971,0.25874364,UU1234619,TMG ENGINEERING,,,
522,A W A ENGINEERING,7303,0.58595157,UU1234620,TMG ENGINEERING,,,
523,NICO ENGINEERING,1273763,0.585372,UU1234620,TMG ENGINEERING,,,
524,MCS ENGINEERING,2041733,0.5823681,UU1234620,TMG ENGINEERING,,,
525,SEPASAD ENGINEERING,734184,0.554969,UU1234620,TMG ENGINEERING,,,
526,FATER ENGINEERING INSTITUTE,1208660,0.5208769,UU1234620,TMG ENGINEERING,,,
527,TECHNOTAR ENGINEERING,3007594,0.51376295,UU1234620,TMG ENGINEERING,,,
528,EUROGROUP ENGINEERING,6492081,0.4930846,UU1234620,TMG ENGINEERING,,,
529,MINES AND METALS ENGINEERING,1304220,0.4739157,UU1234620,TMG ENGINEERING,,,
530,REY NIRU ENGINEERING,2041730,0.4704325,UU1234620,TMG ENGINEERING,,,
531,MIRAGE FOR ENGINEERING AND TRADING,3312061,0.44017324,UU1234620,TMG ENGINEERING,,,
532,HESCO ENGINEERING CONSTRUCTION,2873383,0.43581247,UU1234620,TMG ENGINEERING,,,
533,HESCO ENGINEERING CONSTRUCTION,2873382,0.43581247,UU1234620,TMG ENGINEERING,,,
534,OFOGH SABERIN ENGINEERING DEVELOPMENT,1345077,0.43362463,UU1234620,TMG ENGINEERING,,,
535,SADID CARAN SABA ENGINEERING,3572138,0.43302476,UU1234620,TMG ENGINEERING,,,
536,SOMIC ENGINEERING AND MANAGEMENT,6155473,0.42566937,UU1234620,TMG ENGINEERING,,,
537,CSSC OFFSHORE MARINE ENGINEERING GROUP COMPANY,522044,0.42004108,UU1234620,TMG ENGINEERING,,,
538,SEPANIR OIL AND GAS ENGINEERING,1273776,0.41370258,UU1234620,TMG ENGINEERING,,,
539,RASTAFANN ERTEBAT ENGINEERING,3610305,0.41192177,UU1234620,TMG ENGINEERING,,,
540,ALINMAA ENGINEERING AND CONTRACTING,2691975,0.41102445,UU1234620,TMG ENGINEERING,,,
541,ALINMAA ENGINEERING AND CONTRACTING,2691974,0.41102445,UU1234620,TMG ENGINEERING,,,
542,MAHAB GHODSS CONSULTING ENGINEERING,1304231,0.41098693,UU1234620,TMG ENGINEERING,,,
543,D2 IMAGINEERING,4211075,0.40561694,UU1234620,TMG ENGINEERING,"[b'TMJN', b'TMKN']",0.67633617,"[b'TMKN', None]"
544,ARAB PETROLEUM ENGINEERING COMPANY,11541,0.39391956,UU1234620,TMG ENGINEERING,,,
545,ASSOCIATED ENGINEERS,11549,0.39104554,UU1234620,TMG ENGINEERING,,,
546,A ENGINEERING ELECTRONICS MEDIA PRINTING CO,3562450,0.39094225,UU1234620,TMG ENGINEERING,,,
547,NPV ENGINEERING OPEN JOINT STOCK,4028701,0.38973632,UU1234620,TMG ENGINEERING,,,
548,CHINA NUCLEAR ENGINEERING CORPORATION,1870695,0.38956758,UU1234620,TMG ENGINEERING,,,
549,TAWU MECHANICAL ENGINEERING AND TRADING,5136122,0.38904986,UU1234620,TMG ENGINEERING,"[b'TMXN', b'TMKN']",0.68279445,"[b'TMKN', None]"
550,GHESHM SHIPPING LINES MARINE AND ENGINEERING SERVICES,4566351,0.38750443,UU1234620,TMG ENGINEERING,,,
551,NOVIN PARS MINERAL EXPLORATION AND MINING ENGINEERING,4568871,0.38705382,UU1234620,TMG ENGINEERING,,,
552,TRY PHEAP ENGINEERING CONSTRUCTION CO,5425939,0.3807391,UU1234620,TMG ENGINEERING,,,
553,ATOMIC FUEL DEVELOPMENT ENGINEERING,1638150,0.37894416,UU1234620,TMG ENGINEERING,,,
554,GLOBAL INDUSTRIAL AND ENGINEERING SUPPLY,5855477,0.37030113,UU1234620,TMG ENGINEERING,,,
555,GLOBAL INDUSTRIAL AND ENGINEERING SUPPLY,5855779,0.37030113,UU1234620,TMG ENGINEERING,,,
556,AL AMIR CO FOR ENGINEERING CONSTRUCTION AND GENERAL TRADE,6876478,0.37000966,UU1234620,TMG ENGINEERING,,,
557,PARS SAZEH ENGINEERING AND CONSTRUCTION,4569207,0.36900955,UU1234620,TMG ENGINEERING,,,
558,NATIONAL IRANIAN OIL ENGINEERING AND CONSTRUCTION,1305677,0.3535976,UU1234620,TMG ENGINEERING,,,
559,LIMITED LIABILITY COMPANY BELINVESTENGINEERING,6919897,0.34882894,UU1234620,TMG ENGINEERING,,,
560,GHADIR PAYMAN COUNSELING ENGINEERS,4568968,0.34164256,UU1234620,TMG ENGINEERING,,,
561,DAMAVAND ELECTRICITY AND POWER ENGINEERING,4566400,0.33769038,UU1234620,TMG ENGINEERING,,,
562,SAHEL CONSULTANT ENGINEERS,734185,0.33290446,UU1234620,TMG ENGINEERING,,,
563,IMENSAZEN CONSULTANT ENGINEERS INSTITUTE,1208665,0.26289406,UU1234620,TMG ENGINEERING,,,
564,ENERGY ENGINEERS PROCUREMENT AND CONSTRUCTION,4241046,0.25874364,UU1234620,TMG ENGINEERING,,,
565,ENERGY ENGINEERS PROCUREMENT AND CONSTRUCTION,4241045,0.25874364,UU1234620,TMG ENGINEERING,,,
566,ENERGY ENGINEERS PROCUREMENT AND CONSTRUCTION,4240973,0.25874364,UU1234620,TMG ENGINEERING,,,
567,ENERGY ENGINEERS PROCUREMENT AND CONSTRUCTION,4240972,0.25874364,UU1234620,TMG ENGINEERING,,,
568,ENERGY ENGINEERS PROCUREMENT AND CONSTRUCTION,4240971,0.25874364,UU1234620,TMG ENGINEERING,,,
569,DARKAZANLI,41199,0.56373805,VV1234621,MAMOUN DARKAZANLI IMPORTEXPORT,,,
570,GELERI IMPORT EXPORT,1672557,0.55492526,VV1234621,MAMOUN DARKAZANLI IMPORTEXPORT,,,
571,SAD IMPORT EXPORT,1508927,0.5529656,VV1234621,MAMOUN DARKAZANLI IMPORTEXPORT,,,
572,BARAKAT IMPORT EXPORT,234055,0.5005878,VV1234621,MAMOUN DARKAZANLI IMPORTEXPORT,,,
573,M D S IMPORT EXPORT CO,5425896,0.47644407,VV1234621,MAMOUN DARKAZANLI IMPORTEXPORT,,,
574,SEGOVIA IMPORT EXPORT,3012050,0.45878953,VV1234621,MAMOUN DARKAZANLI IMPORTEXPORT,,,
575,ROCK FISH IMPORT EXPORT,594078,0.45364076,VV1234621,MAMOUN DARKAZANLI IMPORTEXPORT,,,
576,KRADUMPORN IMPORT EXPORT COMPANY,376040,0.43063676,VV1234621,MAMOUN DARKAZANLI IMPORTEXPORT,,,
577,EXCLUSIVE IMPORT EXPORT,6674798,0.41213852,VV1234621,MAMOUN DARKAZANLI IMPORTEXPORT,,,
578,TRY PHEAP IMPORT EXPORT CO,5425923,0.4100831,VV1234621,MAMOUN DARKAZANLI IMPORTEXPORT,,,
579,BELS FLOWERS IMPORT EXPORT,757179,0.40052077,VV1234621,MAMOUN DARKAZANLI IMPORTEXPORT,,,
580,MOBILE ZONE INTERNATIONAL IMPORTEXPORT,5160847,0.38948378,VV1234621,MAMOUN DARKAZANLI IMPORTEXPORT,,,
581,GENETICA IMPORTEXPORT SPR DE RL DE,1346150,0.37621364,VV1234621,MAMOUN DARKAZANLI IMPORTEXPORT,,,
582,GLOBAL TECHNOLOGY IMPORT EXPORT SA GTI,1653097,0.34845555,VV1234621,MAMOUN DARKAZANLI IMPORTEXPORT,,,
583,KAZAN,319086,0.329086,VV1234621,MAMOUN DARKAZANLI IMPORTEXPORT,,,
584,CHINA NATIONAL PRECISION MACHINERY IMPORTEXPORT,87677,0.31914368,VV1234621,MAMOUN DARKAZANLI IMPORTEXPORT,,,
585,DALIAN GOLDEN SUN IMPORT AND EXPORT CO,5644862,0.31300506,VV1234621,MAMOUN DARKAZANLI IMPORTEXPORT,,,
586,IMPORTADORA Y EXPORTADORA LORENZANA,1886426,0.30992123,VV1234621,MAMOUN DARKAZANLI IMPORTEXPORT,,,
587,MOAZ ABDULLA DAEL FOR IMPORT AND EXPORT,6918088,0.30931142,VV1234621,MAMOUN DARKAZANLI IMPORTEXPORT,,,
588,WUHAN SANJIANG IMPORT AND EXPORT CO,3610307,0.3074155,VV1234621,MAMOUN DARKAZANLI IMPORTEXPORT,,,
589,PANAMERICAN IMPORT AND EXPORT COMMERCIAL,53546,0.30268955,VV1234621,MAMOUN DARKAZANLI IMPORTEXPORT,,,
590,SANMING SINOEURO IMPORT AND EXPORT CO,5136107,0.29442316,VV1234621,MAMOUN DARKAZANLI IMPORTEXPORT,,,
591,DOLL EXPORT,1218426,0.29283735,VV1234621,MAMOUN DARKAZANLI IMPORTEXPORT,,,
592,DOLL EXPORT,1218422,0.29283735,VV1234621,MAMOUN DARKAZANLI IMPORTEXPORT,,,
593,CUBAEXPORT,53471,0.28746438,VV1234621,MAMOUN DARKAZANLI IMPORTEXPORT,,,
594,PREDSTAVNISTVO CASAGRANDE EXPORTIMPORT,2600459,0.27267808,VV1234621,MAMOUN DARKAZANLI IMPORTEXPORT,,,
595,NINGBO NEW CENTURY IMPORT AND EXPORT COMPANY,3312059,0.27114335,VV1234621,MAMOUN DARKAZANLI IMPORTEXPORT,,,
596,COMPANIA DE IMPORTACION Y EXPORTACION IBERIA,53467,0.2562658,VV1234621,MAMOUN DARKAZANLI IMPORTEXPORT,,,
597,IMPORTACIONES Y EXPORTACIONES NOBARO SA DE,1270447,0.25273243,VV1234621,MAMOUN DARKAZANLI IMPORTEXPORT,,,
598,DARKAZANLI,41199,0.56373805,VV1234622,MAMOUN DARKAZANLI IMPORTEXPORT,,,
599,GELERI IMPORT EXPORT,1672557,0.55492526,VV1234622,MAMOUN DARKAZANLI IMPORTEXPORT,,,
600,SAD IMPORT EXPORT,1508927,0.5529656,VV1234622,MAMOUN DARKAZANLI IMPORTEXPORT,,,
601,BARAKAT IMPORT EXPORT,234055,0.5005878,VV1234622,MAMOUN DARKAZANLI IMPORTEXPORT,,,
602,M D S IMPORT EXPORT CO,5425896,0.47644407,VV1234622,MAMOUN DARKAZANLI IMPORTEXPORT,,,
603,SEGOVIA IMPORT EXPORT,3012050,0.45878953,VV1234622,MAMOUN DARKAZANLI IMPORTEXPORT,,,
604,ROCK FISH IMPORT EXPORT,594078,0.45364076,VV1234622,MAMOUN DARKAZANLI IMPORTEXPORT,,,
605,KRADUMPORN IMPORT EXPORT COMPANY,376040,0.43063676,VV1234622,MAMOUN DARKAZANLI IMPORTEXPORT,,,
606,EXCLUSIVE IMPORT EXPORT,6674798,0.41213852,VV1234622,MAMOUN DARKAZANLI IMPORTEXPORT,,,
607,TRY PHEAP IMPORT EXPORT CO,5425923,0.4100831,VV1234622,MAMOUN DARKAZANLI IMPORTEXPORT,,,
608,BELS FLOWERS IMPORT EXPORT,757179,0.40052077,VV1234622,MAMOUN DARKAZANLI IMPORTEXPORT,,,
609,MOBILE ZONE INTERNATIONAL IMPORTEXPORT,5160847,0.38948378,VV1234622,MAMOUN DARKAZANLI IMPORTEXPORT,,,
610,GENETICA IMPORTEXPORT SPR DE RL DE,1346150,0.37621364,VV1234622,MAMOUN DARKAZANLI IMPORTEXPORT,,,
611,GLOBAL TECHNOLOGY IMPORT EXPORT SA GTI,1653097,0.34845555,VV1234622,MAMOUN DARKAZANLI IMPORTEXPORT,,,
612,KAZAN,319086,0.329086,VV1234622,MAMOUN DARKAZANLI IMPORTEXPORT,,,
613,CHINA NATIONAL PRECISION MACHINERY IMPORTEXPORT,87677,0.31914368,VV1234622,MAMOUN DARKAZANLI IMPORTEXPORT,,,
614,DALIAN GOLDEN SUN IMPORT AND EXPORT CO,5644862,0.31300506,VV1234622,MAMOUN DARKAZANLI IMPORTEXPORT,,,
615,IMPORTADORA Y EXPORTADORA LORENZANA,1886426,0.30992123,VV1234622,MAMOUN DARKAZANLI IMPORTEXPORT,,,
616,MOAZ ABDULLA DAEL FOR IMPORT AND EXPORT,6918088,0.30931142,VV1234622,MAMOUN DARKAZANLI IMPORTEXPORT,,,
617,WUHAN SANJIANG IMPORT AND EXPORT CO,3610307,0.3074155,VV1234622,MAMOUN DARKAZANLI IMPORTEXPORT,,,
618,PANAMERICAN IMPORT AND EXPORT COMMERCIAL,53546,0.30268955,VV1234622,MAMOUN DARKAZANLI IMPORTEXPORT,,,
619,SANMING SINOEURO IMPORT AND EXPORT CO,5136107,0.29442316,VV1234622,MAMOUN DARKAZANLI IMPORTEXPORT,,,
620,DOLL EXPORT,1218426,0.29283735,VV1234622,MAMOUN DARKAZANLI IMPORTEXPORT,,,
621,DOLL EXPORT,1218422,0.29283735,VV1234622,MAMOUN DARKAZANLI IMPORTEXPORT,,,
622,CUBAEXPORT,53471,0.28746438,VV1234622,MAMOUN DARKAZANLI IMPORTEXPORT,,,
623,PREDSTAVNISTVO CASAGRANDE EXPORTIMPORT,2600459,0.27267808,VV1234622,MAMOUN DARKAZANLI IMPORTEXPORT,,,
624,NINGBO NEW CENTURY IMPORT AND EXPORT COMPANY,3312059,0.27114335,VV1234622,MAMOUN DARKAZANLI IMPORTEXPORT,,,
625,COMPANIA DE IMPORTACION Y EXPORTACION IBERIA,53467,0.2562658,VV1234622,MAMOUN DARKAZANLI IMPORTEXPORT,,,
626,IMPORTACIONES Y EXPORTACIONES NOBARO SA DE,1270447,0.25273243,VV1234622,MAMOUN DARKAZANLI IMPORTEXPORT,,,
627,ZIMBABWE MINING DEVELOPMENT,913096,0.5251519,WW1234623,KOREA MINING DEVELOPMENT TRADING,,,
628,NATIONAL INDUSTRIES AND MINING DEVELOPMENT,4568552,0.5143621,WW1234623,KOREA MINING DEVELOPMENT TRADING,,,
629,VENTORA DEVELOPMENT,4280966,0.4525811,WW1234623,KOREA MINING DEVELOPMENT TRADING,,,
630,TADBIR DRILLING DEVELOPMENT,2053154,0.43523377,WW1234623,KOREA MINING DEVELOPMENT TRADING,,,
631,AMROGGANG DEVELOPMENT BANK,1102528,0.40704262,WW1234623,KOREA MINING DEVELOPMENT TRADING,,,
632,GHADIR INTERNATIONAL TRADING AND DEVELOPMENT,4568526,0.4014155,WW1234623,KOREA MINING DEVELOPMENT TRADING,,,
633,KOREA UNITED DEVELOPMENT BANK,1102538,0.39737302,WW1234623,KOREA MINING DEVELOPMENT TRADING,,,
634,ROZARO DEVELOPMENT,3712962,0.3807131,WW1234623,KOREA MINING DEVELOPMENT TRADING,,,
635,ACHIM DEVELOPMENT,2564035,0.37676725,WW1234623,KOREA MINING DEVELOPMENT TRADING,,,
636,TOVASE DEVELOPMENT,5280920,0.376333,WW1234623,KOREA MINING DEVELOPMENT TRADING,,,
637,NARENJESTAN HOTEL AND BUILDING DEVELOPMENT,4568506,0.37227884,WW1234623,KOREA MINING DEVELOPMENT TRADING,,,
638,SIMATIC DEVELOPMENT,1629765,0.36394963,WW1234623,KOREA MINING DEVELOPMENT TRADING,,,
639,KAVEH PARS MINING INDUSTRIES DEVELOPMENT,5202955,0.3603568,WW1234623,KOREA MINING DEVELOPMENT TRADING,,,
640,OFOGH SABERIN ENGINEERING DEVELOPMENT,1345077,0.35976112,WW1234623,KOREA MINING DEVELOPMENT TRADING,,,
641,EKO DEVELOPMENT AND INVESTMENT,2861213,0.35968673,WW1234623,KOREA MINING DEVELOPMENT TRADING,,,
642,NOVE DEVELOPMENT EOOD,6492086,0.35647577,WW1234623,KOREA MINING DEVELOPMENT TRADING,,,
643,IRANIAN NOVIN INDUSTRY DEVELOPMENT,4066322,0.3494776,WW1234623,KOREA MINING DEVELOPMENT TRADING,,,
644,INTERNATIONAL INVESTMENT DEVELOPMENT HOLDING,5427443,0.33715764,WW1234623,KOREA MINING DEVELOPMENT TRADING,,,
645,SINO ZIM DEVELOPMENT,2280532,0.3355474,WW1234623,KOREA MINING DEVELOPMENT TRADING,,,
646,GHADIR INVESTMENT AND INDUSTRY DEVELOPMENT,4568557,0.33109245,WW1234623,KOREA MINING DEVELOPMENT TRADING,,,
647,SINA ENERGY DEVELOPMENT,3220034,0.3283959,WW1234623,KOREA MINING DEVELOPMENT TRADING,,,
648,IRAN ZINC MINES DEVELOPMENT,1737418,0.32589427,WW1234623,KOREA MINING DEVELOPMENT TRADING,,,
649,SAKHTEMAN INTERNATIONAL DEVELOPMENT,4569227,0.32441685,WW1234623,KOREA MINING DEVELOPMENT TRADING,,,
650,MININ,4447064,0.31950107,WW1234623,KOREA MINING DEVELOPMENT TRADING,,,
651,UNION DEVELOPMENT GROUP CO,6029651,0.31768596,WW1234623,KOREA MINING DEVELOPMENT TRADING,,,
652,ROMDOUL DEVELOPMENT CO,5425913,0.316269,WW1234623,KOREA MINING DEVELOPMENT TRADING,,,
653,KORYO CREDIT DEVELOPMENT BANK,1102540,0.3125322,WW1234623,KOREA MINING DEVELOPMENT TRADING,,,
654,IRAN ELECTRONIC DEVELOPMENT,1679212,0.30840757,WW1234623,KOREA MINING DEVELOPMENT TRADING,,,
655,NATIONAL AEROSPACE DEVELOPMENT ADMINISTRATION,2956173,0.3069277,WW1234623,KOREA MINING DEVELOPMENT TRADING,,,
656,SINA PAYA SANAT DEVELOPMENT,6155475,0.305951,WW1234623,KOREA MINING DEVELOPMENT TRADING,,,
657,AMINI,4217199,0.3055381,WW1234623,KOREA MINING DEVELOPMENT TRADING,,,
658,CEMENT INDUSTRY INVESTMENT AND DEVELOPMENT,1031034,0.30545646,WW1234623,KOREA MINING DEVELOPMENT TRADING,,,
659,VENTORA MINING,6817740,0.3032867,WW1234623,KOREA MINING DEVELOPMENT TRADING,,,
660,GHADIR REALTIME SYSTEMS DEVELOPMENT,4566249,0.3028159,WW1234623,KOREA MINING DEVELOPMENT TRADING,,,
661,RADIATION APPLICATIONS DEVELOPMENT,4569105,0.30277455,WW1234623,KOREA MINING DEVELOPMENT TRADING,,,
662,EQUIPMENT DEVELOPMENT DEPARTMENT,4419604,0.30025455,WW1234623,KOREA MINING DEVELOPMENT TRADING,,,
663,ALAMER DEVELOPMENT AND REAL ESTATE INVESTMENT,6217757,0.2987681,WW1234623,KOREA MINING DEVELOPMENT TRADING,,,
664,IRANIAN MINES AND MINING INDUSTRIES DEVELOPMENT AND RENOVATION ORGANIZATION,1055671,0.2931469,WW1234623,KOREA MINING DEVELOPMENT TRADING,,,
665,PISHGAMAN HORIZON DEVELOPMENT IRANIAN BUSINESS TRADING,6155321,0.29251903,WW1234623,KOREA MINING DEVELOPMENT TRADING,,,
666,NATIONAL DEVELOPMENT FUND OF IRAN,1523254,0.29240155,WW1234623,KOREA MINING DEVELOPMENT TRADING,,,
667,BEHSAZAN PARS EQUIPMENT DEVELOPMENT,4566394,0.29145128,WW1234623,KOREA MINING DEVELOPMENT TRADING,,,
668,PARSIAN OIL AND GAS DEVELOPMENT,3284403,0.29042247,WW1234623,KOREA MINING DEVELOPMENT TRADING,,,
669,ATOMIC FUEL DEVELOPMENT ENGINEERING,1638150,0.2884946,WW1234623,KOREA MINING DEVELOPMENT TRADING,,,
670,BEHSHAHR INDUSTRIAL DEVELOPMENT,4566406,0.28847697,WW1234623,KOREA MINING DEVELOPMENT TRADING,,,
671,EXPORT DEVELOPMENT BANK OF IRAN,832095,0.28814462,WW1234623,KOREA MINING DEVELOPMENT TRADING,,,
672,AGRICULTURAL DEVELOPMENT BANK,3584547,0.2871997,WW1234623,KOREA MINING DEVELOPMENT TRADING,,,
673,TADBIR CONSTRUCTION DEVELOPMENT,2041511,0.2870402,WW1234623,KOREA MINING DEVELOPMENT TRADING,,,
674,IRANIAN TITANIUM DEVELOPMENT,4569225,0.2862636,WW1234623,KOREA MINING DEVELOPMENT TRADING,,,
675,KOREA TANGUN TRADING,782411,0.2862619,WW1234623,KOREA MINING DEVELOPMENT TRADING,,,
676,PARS INTERNATIONAL INDUSTRY DEVELOPMENT,4569146,0.28436473,WW1234623,KOREA MINING DEVELOPMENT TRADING,,,
677,INTERNATIONAL INDUSTRIAL DEVELOPMENT BANK,1102535,0.28400666,WW1234623,KOREA MINING DEVELOPMENT TRADING,,,
678,DING,1062675,0.28392747,WW1234623,KOREA MINING DEVELOPMENT TRADING,,,
679,RAZAVI OIL AND GAS DEVELOPMENT,2972564,0.2826704,WW1234623,KOREA MINING DEVELOPMENT TRADING,,,
680,PARSIAN RAIL TRANSPORT DEVELOPMENT,1464252,0.28215525,WW1234623,KOREA MINING DEVELOPMENT TRADING,,,
681,MIDDLE EAST MINES AND MINERAL INDUSTRIES DEVELOPMENT HOLDING,6231490,0.2807637,WW1234623,KOREA MINING DEVELOPMENT TRADING,,,
682,KOREA NAMGANG TRADING,5478390,0.27965698,WW1234623,KOREA MINING DEVELOPMENT TRADING,,,
683,KOREA KUMSAN TRADING,2962244,0.27929038,WW1234623,KOREA MINING DEVELOPMENT TRADING,,,
684,KOREA DAIZIN TRADING,6192241,0.27838665,WW1234623,KOREA MINING DEVELOPMENT TRADING,,,
685,KOREA DAIZIN TRADING,6192263,0.27838665,WW1234623,KOREA MINING DEVELOPMENT TRADING,,,
686,TECHNOLOGY AND DEVELOPMENT GROUP,34618,0.27807868,WW1234623,KOREA MINING DEVELOPMENT TRADING,,,
687,IRAN MOBIN ELECTRONIC DEVELOPMENT,1285839,0.2757645,WW1234623,KOREA MINING DEVELOPMENT TRADING,,,
688,CREDIT INSTITUTION FOR DEVELOPMENT,1679661,0.27574155,WW1234623,KOREA MINING DEVELOPMENT TRADING,,,
689,JOINT STOCK COMPANY HALSDEVELOPMENT,1517157,0.2718939,WW1234623,KOREA MINING DEVELOPMENT TRADING,,,
690,TADBIR ENERGY DEVELOPMENT GROUP,2037050,0.27111584,WW1234623,KOREA MINING DEVELOPMENT TRADING,,,
691,PETROCHEMICAL INDUSTRIES DEVELOPMENT MANAGEMENT,584118,0.2695237,WW1234623,KOREA MINING DEVELOPMENT TRADING,,,
692,APEX DEVELOPMENT AND PROJECTS,4888159,0.26920176,WW1234623,KOREA MINING DEVELOPMENT TRADING,,,
693,KOREA TAESONG TRADING,967026,0.26878148,WW1234623,KOREA MINING DEVELOPMENT TRADING,,,
694,ADVANCED ELECTRONICS DEVELOPMENT,7314,0.26877785,WW1234623,KOREA MINING DEVELOPMENT TRADING,,,
695,PETROIRAN DEVELOPMENT COMPANY PEDCO,1273788,0.2667488,WW1234623,KOREA MINING DEVELOPMENT TRADING,,,
696,PETROIRAN DEVELOPMENT COMPANY PEDCO,1273786,0.2667488,WW1234623,KOREA MINING DEVELOPMENT TRADING,,,
697,PETROIRAN DEVELOPMENT COMPANY PEDCO,629565,0.2667488,WW1234623,KOREA MINING DEVELOPMENT TRADING,,,
698,KOREA PUGANG TRADING,369034,0.26548404,WW1234623,KOREA MINING DEVELOPMENT TRADING,,,
699,IRANIAN PETROCHEMICAL INVESTMENT DEVELOPMENT MANAGEMENT,5016837,0.2647823,WW1234623,KOREA MINING DEVELOPMENT TRADING,,,
700,GHADIR KHUZESTAN CONSTRUCTION INDUSTRY DEVELOPMENT,4568583,0.2629742,WW1234623,KOREA MINING DEVELOPMENT TRADING,,,
701,BAGHMISHEH RESIDENTIAL DEVELOPMENT,4566435,0.2609492,WW1234623,KOREA MINING DEVELOPMENT TRADING,,,
702,PERSIA OIL GAS INDUSTRY DEVELOPMENT,2041727,0.2605426,WW1234623,KOREA MINING DEVELOPMENT TRADING,,,
703,KOREA UNPHA SHIPPING TRADING,3802405,0.26029962,WW1234623,KOREA MINING DEVELOPMENT TRADING,,,
704,SINA PORT AND MARINE SERVICES DEVELOPMENT,1322523,0.25983855,WW1234623,KOREA MINING DEVELOPMENT TRADING,,,
705,TADBIR ECONOMIC DEVELOPMENT GROUP,2041510,0.25967285,WW1234623,KOREA MINING DEVELOPMENT TRADING,,,
706,KOREA MYONGDOK SHIPPING,3802402,0.2587664,WW1234623,KOREA MINING DEVELOPMENT TRADING,"[b'KRMN', None]",1.0,"[b'KRMN', None]"
707,TIMEET TRADING,5832136,0.25656494,WW1234623,KOREA MINING DEVELOPMENT TRADING,,,
708,KOREA RYONGWANG TRADING,369035,0.25348082,WW1234623,KOREA MINING DEVELOPMENT TRADING,,,
709,MARINE INFORMATION TECHNOLOGY DEVELOPMENT,4569145,0.25270998,WW1234623,KOREA MINING DEVELOPMENT TRADING,,,
710,GILAN ELECTRICITY TRANSMISSION DEVELOPMENT,4566366,0.25115848,WW1234623,KOREA MINING DEVELOPMENT TRADING,,,
711,ZIMBABWE MINING DEVELOPMENT,913096,0.5251519,WW1234624,KOREA MINING DEVELOPMENT TRADING,,,
712,NATIONAL INDUSTRIES AND MINING DEVELOPMENT,4568552,0.5143621,WW1234624,KOREA MINING DEVELOPMENT TRADING,,,
713,VENTORA DEVELOPMENT,4280966,0.4525811,WW1234624,KOREA MINING DEVELOPMENT TRADING,,,
714,TADBIR DRILLING DEVELOPMENT,2053154,0.43523377,WW1234624,KOREA MINING DEVELOPMENT TRADING,,,
715,AMROGGANG DEVELOPMENT BANK,1102528,0.40704262,WW1234624,KOREA MINING DEVELOPMENT TRADING,,,
716,GHADIR INTERNATIONAL TRADING AND DEVELOPMENT,4568526,0.4014155,WW1234624,KOREA MINING DEVELOPMENT TRADING,,,
717,KOREA UNITED DEVELOPMENT BANK,1102538,0.39737302,WW1234624,KOREA MINING DEVELOPMENT TRADING,,,
718,ROZARO DEVELOPMENT,3712962,0.3807131,WW1234624,KOREA MINING DEVELOPMENT TRADING,,,
719,ACHIM DEVELOPMENT,2564035,0.37676725,WW1234624,KOREA MINING DEVELOPMENT TRADING,,,
720,TOVASE DEVELOPMENT,5280920,0.376333,WW1234624,KOREA MINING DEVELOPMENT TRADING,,,
721,NARENJESTAN HOTEL AND BUILDING DEVELOPMENT,4568506,0.37227884,WW1234624,KOREA MINING DEVELOPMENT TRADING,,,
722,SIMATIC DEVELOPMENT,1629765,0.36394963,WW1234624,KOREA MINING DEVELOPMENT TRADING,,,
723,KAVEH PARS MINING INDUSTRIES DEVELOPMENT,5202955,0.3603568,WW1234624,KOREA MINING DEVELOPMENT TRADING,,,
724,OFOGH SABERIN ENGINEERING DEVELOPMENT,1345077,0.35976112,WW1234624,KOREA MINING DEVELOPMENT TRADING,,,
725,EKO DEVELOPMENT AND INVESTMENT,2861213,0.35968673,WW1234624,KOREA MINING DEVELOPMENT TRADING,,,
726,NOVE DEVELOPMENT EOOD,6492086,0.35647577,WW1234624,KOREA MINING DEVELOPMENT TRADING,,,
727,IRANIAN NOVIN INDUSTRY DEVELOPMENT,4066322,0.3494776,WW1234624,KOREA MINING DEVELOPMENT TRADING,,,
728,INTERNATIONAL INVESTMENT DEVELOPMENT HOLDING,5427443,0.33715764,WW1234624,KOREA MINING DEVELOPMENT TRADING,,,
729,SINO ZIM DEVELOPMENT,2280532,0.3355474,WW1234624,KOREA MINING DEVELOPMENT TRADING,,,
730,GHADIR INVESTMENT AND INDUSTRY DEVELOPMENT,4568557,0.33109245,WW1234624,KOREA MINING DEVELOPMENT TRADING,,,
731,SINA ENERGY DEVELOPMENT,3220034,0.3283959,WW1234624,KOREA MINING DEVELOPMENT TRADING,,,
732,IRAN ZINC MINES DEVELOPMENT,1737418,0.32589427,WW1234624,KOREA MINING DEVELOPMENT TRADING,,,
733,SAKHTEMAN INTERNATIONAL DEVELOPMENT,4569227,0.32441685,WW1234624,KOREA MINING DEVELOPMENT TRADING,,,
734,MININ,4447064,0.31950107,WW1234624,KOREA MINING DEVELOPMENT TRADING,,,
735,UNION DEVELOPMENT GROUP CO,6029651,0.31768596,WW1234624,KOREA MINING DEVELOPMENT TRADING,,,
736,ROMDOUL DEVELOPMENT CO,5425913,0.316269,WW1234624,KOREA MINING DEVELOPMENT TRADING,,,
737,KORYO CREDIT DEVELOPMENT BANK,1102540,0.3125322,WW1234624,KOREA MINING DEVELOPMENT TRADING,,,
738,IRAN ELECTRONIC DEVELOPMENT,1679212,0.30840757,WW1234624,KOREA MINING DEVELOPMENT TRADING,,,
739,NATIONAL AEROSPACE DEVELOPMENT ADMINISTRATION,2956173,0.3069277,WW1234624,KOREA MINING DEVELOPMENT TRADING,,,
740,SINA PAYA SANAT DEVELOPMENT,6155475,0.305951,WW1234624,KOREA MINING DEVELOPMENT TRADING,,,
741,AMINI,4217199,0.3055381,WW1234624,KOREA MINING DEVELOPMENT TRADING,,,
742,CEMENT INDUSTRY INVESTMENT AND DEVELOPMENT,1031034,0.30545646,WW1234624,KOREA MINING DEVELOPMENT TRADING,,,
743,VENTORA MINING,6817740,0.3032867,WW1234624,KOREA MINING DEVELOPMENT TRADING,,,
744,GHADIR REALTIME SYSTEMS DEVELOPMENT,4566249,0.3028159,WW1234624,KOREA MINING DEVELOPMENT TRADING,,,
745,RADIATION APPLICATIONS DEVELOPMENT,4569105,0.30277455,WW1234624,KOREA MINING DEVELOPMENT TRADING,,,
746,EQUIPMENT DEVELOPMENT DEPARTMENT,4419604,0.30025455,WW1234624,KOREA MINING DEVELOPMENT TRADING,,,
747,ALAMER DEVELOPMENT AND REAL ESTATE INVESTMENT,6217757,0.2987681,WW1234624,KOREA MINING DEVELOPMENT TRADING,,,
748,IRANIAN MINES AND MINING INDUSTRIES DEVELOPMENT AND RENOVATION ORGANIZATION,1055671,0.2931469,WW1234624,KOREA MINING DEVELOPMENT TRADING,,,
749,PISHGAMAN HORIZON DEVELOPMENT IRANIAN BUSINESS TRADING,6155321,0.29251903,WW1234624,KOREA MINING DEVELOPMENT TRADING,,,
750,NATIONAL DEVELOPMENT FUND OF IRAN,1523254,0.29240155,WW1234624,KOREA MINING DEVELOPMENT TRADING,,,
751,BEHSAZAN PARS EQUIPMENT DEVELOPMENT,4566394,0.29145128,WW1234624,KOREA MINING DEVELOPMENT TRADING,,,
752,PARSIAN OIL AND GAS DEVELOPMENT,3284403,0.29042247,WW1234624,KOREA MINING DEVELOPMENT TRADING,,,
753,ATOMIC FUEL DEVELOPMENT ENGINEERING,1638150,0.2884946,WW1234624,KOREA MINING DEVELOPMENT TRADING,,,
754,BEHSHAHR INDUSTRIAL DEVELOPMENT,4566406,0.28847697,WW1234624,KOREA MINING DEVELOPMENT TRADING,,,
755,EXPORT DEVELOPMENT BANK OF IRAN,832095,0.28814462,WW1234624,KOREA MINING DEVELOPMENT TRADING,,,
756,AGRICULTURAL DEVELOPMENT BANK,3584547,0.2871997,WW1234624,KOREA MINING DEVELOPMENT TRADING,,,
757,TADBIR CONSTRUCTION DEVELOPMENT,2041511,0.2870402,WW1234624,KOREA MINING DEVELOPMENT TRADING,,,
758,IRANIAN TITANIUM DEVELOPMENT,4569225,0.2862636,WW1234624,KOREA MINING DEVELOPMENT TRADING,,,
759,KOREA TANGUN TRADING,782411,0.2862619,WW1234624,KOREA MINING DEVELOPMENT TRADING,,,
760,PARS INTERNATIONAL INDUSTRY DEVELOPMENT,4569146,0.28436473,WW1234624,KOREA MINING DEVELOPMENT TRADING,,,
761,INTERNATIONAL INDUSTRIAL DEVELOPMENT BANK,1102535,0.28400666,WW1234624,KOREA MINING DEVELOPMENT TRADING,,,
762,DING,1062675,0.28392747,WW1234624,KOREA MINING DEVELOPMENT TRADING,,,
763,RAZAVI OIL AND GAS DEVELOPMENT,2972564,0.2826704,WW1234624,KOREA MINING DEVELOPMENT TRADING,,,
764,PARSIAN RAIL TRANSPORT DEVELOPMENT,1464252,0.28215525,WW1234624,KOREA MINING DEVELOPMENT TRADING,,,
765,MIDDLE EAST MINES AND MINERAL INDUSTRIES DEVELOPMENT HOLDING,6231490,0.2807637,WW1234624,KOREA MINING DEVELOPMENT TRADING,,,
766,KOREA NAMGANG TRADING,5478390,0.27965698,WW1234624,KOREA MINING DEVELOPMENT TRADING,,,
767,KOREA KUMSAN TRADING,2962244,0.27929038,WW1234624,KOREA MINING DEVELOPMENT TRADING,,,
768,KOREA DAIZIN TRADING,6192241,0.27838665,WW1234624,KOREA MINING DEVELOPMENT TRADING,,,
769,KOREA DAIZIN TRADING,6192263,0.27838665,WW1234624,KOREA MINING DEVELOPMENT TRADING,,,
770,TECHNOLOGY AND DEVELOPMENT GROUP,34618,0.27807868,WW1234624,KOREA MINING DEVELOPMENT TRADING,,,
771,IRAN MOBIN ELECTRONIC DEVELOPMENT,1285839,0.2757645,WW1234624,KOREA MINING DEVELOPMENT TRADING,,,
772,CREDIT INSTITUTION FOR DEVELOPMENT,1679661,0.27574155,WW1234624,KOREA MINING DEVELOPMENT TRADING,,,
773,JOINT STOCK COMPANY HALSDEVELOPMENT,1517157,0.2718939,WW1234624,KOREA MINING DEVELOPMENT TRADING,,,
774,TADBIR ENERGY DEVELOPMENT GROUP,2037050,0.27111584,WW1234624,KOREA MINING DEVELOPMENT TRADING,,,
775,PETROCHEMICAL INDUSTRIES DEVELOPMENT MANAGEMENT,584118,0.2695237,WW1234624,KOREA MINING DEVELOPMENT TRADING,,,
776,APEX DEVELOPMENT AND PROJECTS,4888159,0.26920176,WW1234624,KOREA MINING DEVELOPMENT TRADING,,,
777,KOREA TAESONG TRADING,967026,0.26878148,WW1234624,KOREA MINING DEVELOPMENT TRADING,,,
778,ADVANCED ELECTRONICS DEVELOPMENT,7314,0.26877785,WW1234624,KOREA MINING DEVELOPMENT TRADING,,,
779,PETROIRAN DEVELOPMENT COMPANY PEDCO,1273788,0.2667488,WW1234624,KOREA MINING DEVELOPMENT TRADING,,,
780,PETROIRAN DEVELOPMENT COMPANY PEDCO,1273786,0.2667488,WW1234624,KOREA MINING DEVELOPMENT TRADING,,,
781,PETROIRAN DEVELOPMENT COMPANY PEDCO,629565,0.2667488,WW1234624,KOREA MINING DEVELOPMENT TRADING,,,
782,KOREA PUGANG TRADING,369034,0.26548404,WW1234624,KOREA MINING DEVELOPMENT TRADING,,,
783,IRANIAN PETROCHEMICAL INVESTMENT DEVELOPMENT MANAGEMENT,5016837,0.2647823,WW1234624,KOREA MINING DEVELOPMENT TRADING,,,
784,GHADIR KHUZESTAN CONSTRUCTION INDUSTRY DEVELOPMENT,4568583,0.2629742,WW1234624,KOREA MINING DEVELOPMENT TRADING,,,
785,BAGHMISHEH RESIDENTIAL DEVELOPMENT,4566435,0.2609492,WW1234624,KOREA MINING DEVELOPMENT TRADING,,,
786,PERSIA OIL GAS INDUSTRY DEVELOPMENT,2041727,0.2605426,WW1234624,KOREA MINING DEVELOPMENT TRADING,,,
787,KOREA UNPHA SHIPPING TRADING,3802405,0.26029962,WW1234624,KOREA MINING DEVELOPMENT TRADING,,,
788,SINA PORT AND MARINE SERVICES DEVELOPMENT,1322523,0.25983855,WW1234624,KOREA MINING DEVELOPMENT TRADING,,,
789,TADBIR ECONOMIC DEVELOPMENT GROUP,2041510,0.25967285,WW1234624,KOREA MINING DEVELOPMENT TRADING,,,
790,KOREA MYONGDOK SHIPPING,3802402,0.2587664,WW1234624,KOREA MINING DEVELOPMENT TRADING,"[b'KRMN', None]",1.0,"[b'KRMN', None]"
791,TIMEET TRADING,5832136,0.25656494,WW1234624,KOREA MINING DEVELOPMENT TRADING,,,
792,KOREA RYONGWANG TRADING,369035,0.25348082,WW1234624,KOREA MINING DEVELOPMENT TRADING,,,
793,MARINE INFORMATION TECHNOLOGY DEVELOPMENT,4569145,0.25270998,WW1234624,KOREA MINING DEVELOPMENT TRADING,,,
794,GILAN ELECTRICITY TRANSMISSION DEVELOPMENT,4566366,0.25115848,WW1234624,KOREA MINING DEVELOPMENT TRADING,,,
795,KOREA MINING DEVELOPMENT TRADING,2522148,0.48524576,WW1234625,KOREA MINING EXPLOIT TRADING,"[b'KRMN', None]",1.0,"[b'KRMN', None]"
796,KOREA MINING DEVELOPMENT TRADING,2522147,0.48524576,WW1234625,KOREA MINING EXPLOIT TRADING,"[b'KRMN', None]",1.0,"[b'KRMN', None]"
797,KOREA MINING DEVELOPMENT TRADING,2522146,0.48524576,WW1234625,KOREA MINING EXPLOIT TRADING,"[b'KRMN', None]",1.0,"[b'KRMN', None]"
798,KOREA MINING DEVELOPMENT TRADING,2522145,0.48524576,WW1234625,KOREA MINING EXPLOIT TRADING,"[b'KRMN', None]",1.0,"[b'KRMN', None]"
799,KOREA MINING DEVELOPMENT TRADING,134742,0.48524576,WW1234625,KOREA MINING EXPLOIT TRADING,"[b'KRMN', None]",1.0,"[b'KRMN', None]"
800,GEX EXPLORE S DE RL DE,52236,0.34559944,WW1234625,KOREA MINING EXPLOIT TRADING,,,
801,KOREA OIL EXPLORATION,2239638,0.32502797,WW1234625,KOREA MINING EXPLOIT TRADING,,,
802,MININ,4447064,0.30769348,WW1234625,KOREA MINING EXPLOIT TRADING,,,
803,NOVIN PARS MINERAL EXPLORATION AND MINING ENGINEERING,4568871,0.30682343,WW1234625,KOREA MINING EXPLOIT TRADING,,,
804,AMINI,4217199,0.29424652,WW1234625,KOREA MINING EXPLOIT TRADING,,,
805,KOREA CHOLSAN GENERAL TRADING,6159714,0.279076,WW1234625,KOREA MINING EXPLOIT TRADING,,,
806,KOREA CHOLSAN GENERAL TRADING,6159712,0.279076,WW1234625,KOREA MINING EXPLOIT TRADING,,,
807,KOREA TANGUN TRADING,782411,0.27568272,WW1234625,KOREA MINING EXPLOIT TRADING,,,
808,DING,1062675,0.27343452,WW1234625,KOREA MINING EXPLOIT TRADING,,,
809,KOREA NAMGANG TRADING,5478390,0.26932186,WW1234625,KOREA MINING EXPLOIT TRADING,,,
810,KOREA KUMSAN TRADING,2962244,0.26896882,WW1234625,KOREA MINING EXPLOIT TRADING,,,
811,KOREA DAIZIN TRADING,6192263,0.2680985,WW1234625,KOREA MINING EXPLOIT TRADING,,,
812,KOREA DAIZIN TRADING,6192241,0.2680985,WW1234625,KOREA MINING EXPLOIT TRADING,,,
813,VENTORA MINING,6817740,0.26235282,WW1234625,KOREA MINING EXPLOIT TRADING,,,
814,KOREA TAESONG TRADING,967026,0.2588483,WW1234625,KOREA MINING EXPLOIT TRADING,,,
815,KOREA PUGANG TRADING,369034,0.2556727,WW1234625,KOREA MINING EXPLOIT TRADING,,,
816,KOREA UNPHA SHIPPING TRADING,3802405,0.25067994,WW1234625,KOREA MINING EXPLOIT TRADING,,,
817,ANTONOV,4326186,0.3067181,YY1234626,Antonio Catricalxe0,"[b'ANTN', None]",1.0,"[b'ANTN', None]"
818,ANTONOV,2929936,0.3067181,YY1234626,Antonio Catricalxe0,"[b'ANTN', None]",1.0,"[b'ANTN', None]"
819,,3325030,,GG1234575,,"[b'SRFK', None]",1.0,"[b'SRFK', None]"
820,,3325030,,GG1234577,,"[b'SRFK', None]",1.0,"[b'SRFK', None]"
821,,339087,,GG1234577,,"[b'SRFK', None]",1.0,"[b'SRFK', None]"
822,,1944450,,FF1234579,,"[b'LTRN', None]",1.0,"[b'LTRN', None]"
823,,1944450,,FF1234580,,"[b'LTRN', None]",1.0,"[b'LTRN', None]"
824,,2438958,,MM1234592,,"[b'MSMK', b'MTSM']",0.99999994,"[b'MSMK', b'MTSM']"
825,,5425896,,MM1234592,,"[b'MTSM', None]",0.6122696,"[b'MSMK', b'MTSM']"
826,,2438958,,MM1234593,,"[b'MSMK', b'MTSM']",0.99999994,"[b'MSMK', b'MTSM']"
827,,5425896,,MM1234593,,"[b'MTSM', None]",0.6122696,"[b'MSMK', b'MTSM']"
828,,5425896,,MM1234594,,"[b'MTSM', None]",0.6122696,"[b'MSMK', b'MTSM']"
829,,2898002,,WW1234623,,"[b'KRMN', None]",1.0,"[b'KRMN', None]"
830,,2522148,,WW1234623,,"[b'KRMN', None]",1.0,"[b'KRMN', None]"
831,,2522147,,WW1234623,,"[b'KRMN', None]",1.0,"[b'KRMN', None]"
832,,2522146,,WW1234623,,"[b'KRMN', None]",1.0,"[b'KRMN', None]"
833,,2522145,,WW1234623,,"[b'KRMN', None]",1.0,"[b'KRMN', None]"
834,,134742,,WW1234623,,"[b'KRMN', None]",1.0,"[b'KRMN', None]"
835,,2898002,,WW1234624,,"[b'KRMN', None]",1.0,"[b'KRMN', None]"
836,,2522148,,WW1234624,,"[b'KRMN', None]",1.0,"[b'KRMN', None]"
837,,2522147,,WW1234624,,"[b'KRMN', None]",1.0,"[b'KRMN', None]"
838,,2522146,,WW1234624,,"[b'KRMN', None]",1.0,"[b'KRMN', None]"
839,,2522145,,WW1234624,,"[b'KRMN', None]",1.0,"[b'KRMN', None]"
840,,134742,,WW1234624,,"[b'KRMN', None]",1.0,"[b'KRMN', None]"
841,,3802402,,WW1234625,,"[b'KRMN', None]",1.0,"[b'KRMN', None]"
842,,2898002,,WW1234625,,"[b'KRMN', None]",1.0,"[b'KRMN', None]"
